atlas_order,sequence_record_id,gene,protein_change,segment_number,segment_count,bond_start,bond_end,atlas_pdf_page,pdf_file,png_file
1,SLC25A12-chr2-171813470:vaccine-peptide-4,SLC25A12,p.Ile347Thr,1,1,1,16,2,figures/slp-maps/01-slc25a12-chr2-171813470-vaccine-peptide-4.pdf,figures/slp-maps/01-slc25a12-chr2-171813470-vaccine-peptide-4.png
2,KDM3B-chr5-138391529:vaccine-peptide-2,KDM3B,p.Pro633Ser,1,1,1,16,3,figures/slp-maps/02-kdm3b-chr5-138391529-vaccine-peptide-2.pdf,figures/slp-maps/02-kdm3b-chr5-138391529-vaccine-peptide-2.png
3,MT_ND5-chrM-12994:vaccine-peptide-1,MT-ND5,p.Ala220Thr,1,1,1,16,4,figures/slp-maps/03-mt-nd5-chrm-12994-vaccine-peptide-1.pdf,figures/slp-maps/03-mt-nd5-chrm-12994-vaccine-peptide-1.png
4,ZNF436-chr1-23362762:vaccine-peptide-3,ZNF436,p.Ser207Cys,1,1,1,15,5,figures/slp-maps/04-znf436-chr1-23362762-vaccine-peptide-3.pdf,figures/slp-maps/04-znf436-chr1-23362762-vaccine-peptide-3.png
5,DYNC1H1-chr14-101980529:vaccine-peptide-4,DYNC1H1,p.Val314Ile,1,1,1,17,6,figures/slp-maps/05-dync1h1-chr14-101980529-vaccine-peptide-4.pdf,figures/slp-maps/05-dync1h1-chr14-101980529-vaccine-peptide-4.png
6,MYO15B-chr17-75589953:vaccine-peptide-1,MYO15B,fs,1,1,1,16,7,figures/slp-maps/06-myo15b-chr17-75589953-vaccine-peptide-1.pdf,figures/slp-maps/06-myo15b-chr17-75589953-vaccine-peptide-1.png
7,NME1-chr17-51154443:vaccine-peptide-1,NME1,p.Gly24Arg,1,1,1,12,8,figures/slp-maps/07-nme1-chr17-51154443-vaccine-peptide-1.pdf,figures/slp-maps/07-nme1-chr17-51154443-vaccine-peptide-1.png
8,CUL9-chr6-43186384:vaccine-peptide-1,CUL9,p.Asp403Tyr,1,1,1,22,9,figures/slp-maps/08-cul9-chr6-43186384-vaccine-peptide-1.pdf,figures/slp-maps/08-cul9-chr6-43186384-vaccine-peptide-1.png
9,SMC5-chr9-70298024:vaccine-peptide-3,SMC5,p.Arg371Lys,1,1,1,20,10,figures/slp-maps/09-smc5-chr9-70298024-vaccine-peptide-3.pdf,figures/slp-maps/09-smc5-chr9-70298024-vaccine-peptide-3.png
10,VPS72-chr1-151185547:vaccine-peptide-3,VPS72,p.Lys115Arg,1,1,1,26,11,figures/slp-maps/10-vps72-chr1-151185547-vaccine-peptide-3.pdf,figures/slp-maps/10-vps72-chr1-151185547-vaccine-peptide-3.png
11,EXOC4-chr7-133274996:vaccine-peptide-1,EXOC4,p.Ser34Ile,1,1,1,22,12,figures/slp-maps/11-exoc4-chr7-133274996-vaccine-peptide-1.pdf,figures/slp-maps/11-exoc4-chr7-133274996-vaccine-peptide-1.png
12,EPG5-chr18-45925851:vaccine-peptide-3,EPG5,p.Ala869Thr,1,1,1,22,13,figures/slp-maps/12-epg5-chr18-45925851-vaccine-peptide-3.pdf,figures/slp-maps/12-epg5-chr18-45925851-vaccine-peptide-3.png
13,TECPR1-chr7-98241127:vaccine-peptide-5,TECPR1,p.Thr259fs,1,1,1,15,14,figures/slp-maps/13-tecpr1-chr7-98241127-vaccine-peptide-5.pdf,figures/slp-maps/13-tecpr1-chr7-98241127-vaccine-peptide-5.png
14,EXOC4-chr7-133274996:vaccine-peptide-2,EXOC4,p.Ser34Ile,1,1,1,16,15,figures/slp-maps/14-exoc4-chr7-133274996-vaccine-peptide-2.pdf,figures/slp-maps/14-exoc4-chr7-133274996-vaccine-peptide-2.png
15,PIP5K1A-chr1-151242178:vaccine-peptide-3,PIP5K1A,p.Gly474fs,1,1,1,19,16,figures/slp-maps/15-pip5k1a-chr1-151242178-vaccine-peptide-3.pdf,figures/slp-maps/15-pip5k1a-chr1-151242178-vaccine-peptide-3.png
16,PTH1R-chr3-46898732:vaccine-peptide-1,PTH1R,p.Ile237Phe,1,1,1,22,17,figures/slp-maps/16-pth1r-chr3-46898732-vaccine-peptide-1.pdf,figures/slp-maps/16-pth1r-chr3-46898732-vaccine-peptide-1.png
17,SLC25A12-chr2-171813470:vaccine-peptide-3,SLC25A12,p.Ile347Thr,1,1,1,25,18,figures/slp-maps/17-slc25a12-chr2-171813470-vaccine-peptide-3.pdf,figures/slp-maps/17-slc25a12-chr2-171813470-vaccine-peptide-3.png
18,VPS13B-chr8-99861923:vaccine-peptide-1,VPS13B,p.Ser3756Phe,1,1,1,20,19,figures/slp-maps/18-vps13b-chr8-99861923-vaccine-peptide-1.pdf,figures/slp-maps/18-vps13b-chr8-99861923-vaccine-peptide-1.png
19,MYO9A-chr15-71994488:vaccine-peptide-1,MYO9A,p.Asp523Val,1,1,1,24,20,figures/slp-maps/19-myo9a-chr15-71994488-vaccine-peptide-1.pdf,figures/slp-maps/19-myo9a-chr15-71994488-vaccine-peptide-1.png
20,VPS13B-chr8-99861923:vaccine-peptide-2,VPS13B,p.Ser3756Phe,1,1,1,19,21,figures/slp-maps/20-vps13b-chr8-99861923-vaccine-peptide-2.pdf,figures/slp-maps/20-vps13b-chr8-99861923-vaccine-peptide-2.png
21,BMP1-chr8-22192067:vaccine-peptide-3,BMP1,p.Ser366Thr,1,1,1,22,22,figures/slp-maps/21-bmp1-chr8-22192067-vaccine-peptide-3.pdf,figures/slp-maps/21-bmp1-chr8-22192067-vaccine-peptide-3.png
22,MAP2-chr2-209694768:vaccine-peptide-3,MAP2,p.Leu867fs,1,1,1,22,23,figures/slp-maps/22-map2-chr2-209694768-vaccine-peptide-3.pdf,figures/slp-maps/22-map2-chr2-209694768-vaccine-peptide-3.png
23,MAP2-chr2-209694768:vaccine-peptide-4,MAP2,p.Leu867fs,1,1,1,23,24,figures/slp-maps/23-map2-chr2-209694768-vaccine-peptide-4.pdf,figures/slp-maps/23-map2-chr2-209694768-vaccine-peptide-4.png
24,BTD-chr3-15645183:vaccine-peptide-3,BTD,p.Phe445Val,1,1,1,22,25,figures/slp-maps/24-btd-chr3-15645183-vaccine-peptide-3.pdf,figures/slp-maps/24-btd-chr3-15645183-vaccine-peptide-3.png
25,TECPR1-chr7-98241127:vaccine-peptide-3,TECPR1,p.Thr259fs,1,1,1,21,26,figures/slp-maps/25-tecpr1-chr7-98241127-vaccine-peptide-3.pdf,figures/slp-maps/25-tecpr1-chr7-98241127-vaccine-peptide-3.png
26,TECPR1-chr7-98241127:vaccine-peptide-4,TECPR1,p.Thr259fs,1,1,1,16,27,figures/slp-maps/26-tecpr1-chr7-98241127-vaccine-peptide-4.pdf,figures/slp-maps/26-tecpr1-chr7-98241127-vaccine-peptide-4.png
27,ADGRF5-chr6-46856758:vaccine-peptide-1,ADGRF5,p.Asn1279Ser,1,1,1,21,28,figures/slp-maps/27-adgrf5-chr6-46856758-vaccine-peptide-1.pdf,figures/slp-maps/27-adgrf5-chr6-46856758-vaccine-peptide-1.png
28,WWC1-chr5-168399513:vaccine-peptide-3,WWC1,p.Val179Gly,1,1,1,19,29,figures/slp-maps/28-wwc1-chr5-168399513-vaccine-peptide-3.pdf,figures/slp-maps/28-wwc1-chr5-168399513-vaccine-peptide-3.png
29,GLIS3-chr9-3856149:vaccine-peptide-1,GLIS3,p.Ser775fs,1,3,1,27,30,figures/slp-maps/29-glis3-chr9-3856149-vaccine-peptide-1-segment-1-of-3.pdf,figures/slp-maps/29-glis3-chr9-3856149-vaccine-peptide-1-segment-1-of-3.png
29,GLIS3-chr9-3856149:vaccine-peptide-1,GLIS3,p.Ser775fs,2,3,28,54,31,figures/slp-maps/29-glis3-chr9-3856149-vaccine-peptide-1-segment-2-of-3.pdf,figures/slp-maps/29-glis3-chr9-3856149-vaccine-peptide-1-segment-2-of-3.png
29,GLIS3-chr9-3856149:vaccine-peptide-1,GLIS3,p.Ser775fs,3,3,55,79,32,figures/slp-maps/29-glis3-chr9-3856149-vaccine-peptide-1-segment-3-of-3.pdf,figures/slp-maps/29-glis3-chr9-3856149-vaccine-peptide-1-segment-3-of-3.png
30,KIF1C-chr17-5007293:vaccine-peptide-1,KIF1C,p.Glu456Lys,1,1,1,20,33,figures/slp-maps/30-kif1c-chr17-5007293-vaccine-peptide-1.pdf,figures/slp-maps/30-kif1c-chr17-5007293-vaccine-peptide-1.png
31,CENPL-chr1-173811223:vaccine-peptide-1,CENPL,p.Pro26His,1,1,1,22,34,figures/slp-maps/31-cenpl-chr1-173811223-vaccine-peptide-1.pdf,figures/slp-maps/31-cenpl-chr1-173811223-vaccine-peptide-1.png
32,CD109-chr6-73818405:vaccine-peptide-1,CD109,p.Arg1310Met,1,1,1,22,35,figures/slp-maps/32-cd109-chr6-73818405-vaccine-peptide-1.pdf,figures/slp-maps/32-cd109-chr6-73818405-vaccine-peptide-1.png
33,DYNC1H1-chr14-101980529:vaccine-peptide-3,DYNC1H1,p.Val314Ile,1,1,1,23,36,figures/slp-maps/33-dync1h1-chr14-101980529-vaccine-peptide-3.pdf,figures/slp-maps/33-dync1h1-chr14-101980529-vaccine-peptide-3.png
34,CDC40-chr6-110228838:vaccine-peptide-3,CDC40,p.Trp475Ser,1,1,1,24,37,figures/slp-maps/34-cdc40-chr6-110228838-vaccine-peptide-3.pdf,figures/slp-maps/34-cdc40-chr6-110228838-vaccine-peptide-3.png
35,KDM3B-chr5-138391529:vaccine-peptide-1,KDM3B,p.Pro633Ser,1,1,1,25,38,figures/slp-maps/35-kdm3b-chr5-138391529-vaccine-peptide-1.pdf,figures/slp-maps/35-kdm3b-chr5-138391529-vaccine-peptide-1.png
36,EPG5-chr18-45925851:vaccine-peptide-2,EPG5,p.Ala869Thr,1,1,1,19,39,figures/slp-maps/36-epg5-chr18-45925851-vaccine-peptide-2.pdf,figures/slp-maps/36-epg5-chr18-45925851-vaccine-peptide-2.png
37,EPG5-chr18-45925851:vaccine-peptide-1,EPG5,p.Ala869Thr,1,1,1,22,40,figures/slp-maps/37-epg5-chr18-45925851-vaccine-peptide-1.pdf,figures/slp-maps/37-epg5-chr18-45925851-vaccine-peptide-1.png
38,NR2F2-chr15-96332299:vaccine-peptide-2,NR2F2,p.Gly65Val,1,1,1,16,41,figures/slp-maps/38-nr2f2-chr15-96332299-vaccine-peptide-2.pdf,figures/slp-maps/38-nr2f2-chr15-96332299-vaccine-peptide-2.png
39,NR2F2-chr15-96332299:vaccine-peptide-1,NR2F2,p.Gly65Val,1,1,1,25,42,figures/slp-maps/39-nr2f2-chr15-96332299-vaccine-peptide-1.pdf,figures/slp-maps/39-nr2f2-chr15-96332299-vaccine-peptide-1.png
40,H1_2-chr6-26055824:vaccine-peptide-1,H1-2,p.Ala197_Lys201del,1,1,1,15,43,figures/slp-maps/40-h1-2-chr6-26055824-vaccine-peptide-1.pdf,figures/slp-maps/40-h1-2-chr6-26055824-vaccine-peptide-1.png
