variant_id,gene,protein_change,vaccine,reason,source_url
KIF1C-chr17-5007293,KIF1C,p.Glu456Lys,CeGaT,target listed but no sequence is disclosed for this vaccine,https://osteosarc.com/variant/KIF1C-chr17-5007293/
KRT18-chr12-52951767,KRT18,p.Ala287Ser,CeGaT,target listed but no sequence is disclosed for this vaccine,https://osteosarc.com/variant/KRT18-chr12-52951767/
ABCF2-chr7-151218156,ABCF2,,Cure 2024,target listed but no sequence is disclosed for this vaccine,https://osteosarc.com/variant/ABCF2-chr7-151218156/
ATRX-chrX-77599465,ATRX,p.Gly1968Arg,Cure 2024,target listed but no sequence is disclosed for this vaccine,https://osteosarc.com/variant/ATRX-chrX-77599465/
BMP1-chr8-22192067,BMP1,p.Ser366Thr,Cure 2024,target listed but no sequence is disclosed for this vaccine,https://osteosarc.com/variant/BMP1-chr8-22192067/
CDC40-chr6-110228838,CDC40,p.Trp475Ser,Cure 2024,target listed but no sequence is disclosed for this vaccine,https://osteosarc.com/variant/CDC40-chr6-110228838/
DIAPH1-chr5-141526090,DIAPH1,p.Lys1174Asn,Cure 2024,target listed but no sequence is disclosed for this vaccine,https://osteosarc.com/variant/DIAPH1-chr5-141526090/
DYNC1H1-chr14-101980529,DYNC1H1,p.Val314Ile,Cure 2024,target listed but no sequence is disclosed for this vaccine,https://osteosarc.com/variant/DYNC1H1-chr14-101980529/
F8-chrX-154930861,F8,p.Ser977Arg,Cure 2024,target listed but no sequence is disclosed for this vaccine,https://osteosarc.com/variant/F8-chrX-154930861/
FBXO33-chr14-39431722,FBXO33,p.Asn147Lys,Cure 2024,target listed but no sequence is disclosed for this vaccine,https://osteosarc.com/variant/FBXO33-chr14-39431722/
NAV2-chr11-20080142,NAV2,p.Ala1809Val,Cure 2024,target listed but no sequence is disclosed for this vaccine,https://osteosarc.com/variant/NAV2-chr11-20080142/
NTF3-chr12-5494381,NTF3,p.Lys69Ser,Cure 2024,target listed but no sequence is disclosed for this vaccine,https://osteosarc.com/variant/NTF3-chr12-5494381/
PIP5K1A-chr1-151242178,PIP5K1A,p.Gly474fs,Cure 2024,target listed but no sequence is disclosed for this vaccine,https://osteosarc.com/variant/PIP5K1A-chr1-151242178/
PRICKLE2-chr3-64198863,PRICKLE2,p.Arg22Lys,Cure 2024,target listed but no sequence is disclosed for this vaccine,https://osteosarc.com/variant/PRICKLE2-chr3-64198863/
RNF213-chr17-80327830,RNF213,p.Ile1070Ile (del Leu),Cure 2024,target listed but no sequence is disclosed for this vaccine,https://osteosarc.com/variant/RNF213-chr17-80327830/
ROBO2-chr3-77607853,ROBO2,p.Asn1080Lys,Cure 2024,target listed but no sequence is disclosed for this vaccine,https://osteosarc.com/variant/ROBO2-chr3-77607853/
SLC25A12-chr2-171813470,SLC25A12,p.Ile347Thr,Cure 2024,target listed but no sequence is disclosed for this vaccine,https://osteosarc.com/variant/SLC25A12-chr2-171813470/
TMRO-chr9-97910412,TMRO,p.Gly205Glu,Cure 2024,target listed but no sequence is disclosed for this vaccine,https://osteosarc.com/variant/TMRO-chr9-97910412/
VPS13B-chr8-99861923,VPS13B,p.Ser3756Phe,Cure 2024,target listed but no sequence is disclosed for this vaccine,https://osteosarc.com/variant/VPS13B-chr8-99861923/
ZNF436-chr1-23362762,ZNF436,p.Ser207Cys,Cure 2024,target listed but no sequence is disclosed for this vaccine,https://osteosarc.com/variant/ZNF436-chr1-23362762/
ZNF674-chrX-46501045,ZNF674,p.Leu182Phe,Cure 2024,target listed but no sequence is disclosed for this vaccine,https://osteosarc.com/variant/ZNF674-chrX-46501045/
ZNF764-chr16-30557995,ZNF764,p.Ser63Asn,Cure 2024,target listed but no sequence is disclosed for this vaccine,https://osteosarc.com/variant/ZNF764-chr16-30557995/
ADGRF5-chr6-46856758,ADGRF5,p.Asn1279Ser,JLF V1,target listed but no sequence is disclosed for this vaccine,https://osteosarc.com/variant/ADGRF5-chr6-46856758/
CUL9-chr6-43186384,CUL9,p.Asp403Tyr,JLF V1,target listed but no sequence is disclosed for this vaccine,https://osteosarc.com/variant/CUL9-chr6-43186384/
DYNC1H1-chr14-101980529,DYNC1H1,p.Val314Ile,JLF V1,target listed but no sequence is disclosed for this vaccine,https://osteosarc.com/variant/DYNC1H1-chr14-101980529/
EXOC4-chr7-133274996,EXOC4,p.Ser34Ile,JLF V1,target listed but no sequence is disclosed for this vaccine,https://osteosarc.com/variant/EXOC4-chr7-133274996/
MYO9A-chr15-71994488,MYO9A,p.Asp523Val,JLF V1,target listed but no sequence is disclosed for this vaccine,https://osteosarc.com/variant/MYO9A-chr15-71994488/
NR2F2-chr15-96332299,NR2F2,p.Gly65Val,JLF V1,target listed but no sequence is disclosed for this vaccine,https://osteosarc.com/variant/NR2F2-chr15-96332299/
VPS13B-chr8-99861923,VPS13B,p.Ser3756Phe,JLF V1,target listed but no sequence is disclosed for this vaccine,https://osteosarc.com/variant/VPS13B-chr8-99861923/
PIP5K1A-chr1-151242178,PIP5K1A,p.Gly474fs,JLF V2,target listed but no sequence is disclosed for this vaccine,https://osteosarc.com/variant/PIP5K1A-chr1-151242178/
VPS13B-chr8-99861923,VPS13B,p.Ser3756Phe,JLF V2,target listed but no sequence is disclosed for this vaccine,https://osteosarc.com/variant/VPS13B-chr8-99861923/
DYNC1H1-chr14-102030200,DYNC1H1,p.Gln3267His,JLF V3,target listed but no sequence is disclosed for this vaccine,https://osteosarc.com/variant/DYNC1H1-chr14-102030200/
FBXO33-chr14-39431722,FBXO33,p.Asn147Lys,JLF V3,target listed but no sequence is disclosed for this vaccine,https://osteosarc.com/variant/FBXO33-chr14-39431722/
