sequence_record_id,gene,bond,bond_label,biological_context,support_count,supporting_models_or_rules,in_disclosed_minimal_epitope,selection_rule,interpretation
ADGRF5-chr6-46856758:vaccine-peptide-1,ADGRF5,8,K|F,cytosolic/proteasome and MHC-I processing,3,netchop-3.1-cterm-3.0;pepsickle-in-vivo-all-mammal;pepsickle-in-vivo-human-only,False,>=3 of 5 native 0-1 models at the 0.5 display threshold,support count only; not a cleavage probability
ADGRF5-chr6-46856758:vaccine-peptide-1,ADGRF5,9,F|S,cytosolic/proteasome and MHC-I processing,5,netchop-3.1-20s-3.0;netchop-3.1-cterm-3.0;netcleave-i-hla;pepsickle-in-vivo-all-mammal;pepsickle-in-vivo-human-only,False,>=3 of 5 native 0-1 models at the 0.5 display threshold,support count only; not a cleavage probability
ADGRF5-chr6-46856758:vaccine-peptide-1,ADGRF5,11,L|S,cytosolic/proteasome and MHC-I processing,5,netchop-3.1-20s-3.0;netchop-3.1-cterm-3.0;netcleave-i-hla;pepsickle-in-vivo-all-mammal;pepsickle-in-vivo-human-only,False,>=3 of 5 native 0-1 models at the 0.5 display threshold,support count only; not a cleavage probability
ADGRF5-chr6-46856758:vaccine-peptide-1,ADGRF5,14,W|S,cytosolic/proteasome and MHC-I processing,5,netchop-3.1-20s-3.0;netchop-3.1-cterm-3.0;netcleave-i-hla;pepsickle-in-vivo-all-mammal;pepsickle-in-vivo-human-only,False,>=3 of 5 native 0-1 models at the 0.5 display threshold,support count only; not a cleavage probability
ADGRF5-chr6-46856758:vaccine-peptide-1,ADGRF5,20,K|S,cytosolic/proteasome and MHC-I processing,3,netchop-3.1-cterm-3.0;pepsickle-in-vivo-all-mammal;pepsickle-in-vivo-human-only,False,>=3 of 5 native 0-1 models at the 0.5 display threshold,support count only; not a cleavage probability
BMP1-chr8-22192067:vaccine-peptide-3,BMP1,1,R|I,cytosol/ER recognition motifs,2,erap2-basic;npepps-n-terminal,False,>=2 distinct curated recognition rules match the same bond,support count only; not a cleavage probability
BMP1-chr8-22192067:vaccine-peptide-3,BMP1,12,L|N,cytosolic/proteasome and MHC-I processing,5,netchop-3.1-20s-3.0;netchop-3.1-cterm-3.0;netcleave-i-hla;pepsickle-in-vivo-all-mammal;pepsickle-in-vivo-human-only,True,>=3 of 5 native 0-1 models at the 0.5 display threshold,support count only; not a cleavage probability
BMP1-chr8-22192067:vaccine-peptide-3,BMP1,14,F|T,cytosolic/proteasome and MHC-I processing,4,netchop-3.1-20s-3.0;netcleave-i-hla;pepsickle-in-vivo-all-mammal;pepsickle-in-vivo-human-only,True,>=3 of 5 native 0-1 models at the 0.5 display threshold,support count only; not a cleavage probability
BMP1-chr8-22192067:vaccine-peptide-3,BMP1,17,L|D,cytosolic/proteasome and MHC-I processing,5,netchop-3.1-20s-3.0;netchop-3.1-cterm-3.0;netcleave-i-hla;pepsickle-in-vivo-all-mammal;pepsickle-in-vivo-human-only,False,>=3 of 5 native 0-1 models at the 0.5 display threshold,support count only; not a cleavage probability
BMP1-chr8-22192067:vaccine-peptide-3,BMP1,19,L|Y,cytosolic/proteasome and MHC-I processing,4,netchop-3.1-20s-3.0;netchop-3.1-cterm-3.0;pepsickle-in-vivo-all-mammal;pepsickle-in-vivo-human-only,False,>=3 of 5 native 0-1 models at the 0.5 display threshold,support count only; not a cleavage probability
BMP1-chr8-22192067:vaccine-peptide-3,BMP1,20,Y|R,cytosolic/proteasome and MHC-I processing,5,netchop-3.1-20s-3.0;netchop-3.1-cterm-3.0;netcleave-i-hla;pepsickle-in-vivo-all-mammal;pepsickle-in-vivo-human-only,False,>=3 of 5 native 0-1 models at the 0.5 display threshold,support count only; not a cleavage probability
BMP1-chr8-22192067:vaccine-peptide-3,BMP1,21,R|S,cytosolic/proteasome and MHC-I processing,4,netchop-3.1-20s-3.0;netchop-3.1-cterm-3.0;pepsickle-in-vivo-all-mammal;pepsickle-in-vivo-human-only,False,>=3 of 5 native 0-1 models at the 0.5 display threshold,support count only; not a cleavage probability
BMP1-chr8-22192067:vaccine-peptide-3,BMP1,22,S|R,extracellular/plasma recognition motifs,2,cpb2-basic;cpn-basic,False,>=2 distinct curated recognition rules match the same bond,support count only; not a cleavage probability
BTD-chr3-15645183:vaccine-peptide-3,BTD,1,R|P,cytosol/ER recognition motifs,2,app1-xp;erap2-basic,False,>=2 distinct curated recognition rules match the same bond,support count only; not a cleavage probability
BTD-chr3-15645183:vaccine-peptide-3,BTD,2,P|T,cytosol/ER recognition motifs,3,dpp8-xp-xa;dpp9-xp-xa;prep-pro,False,>=2 distinct curated recognition rules match the same bond,support count only; not a cleavage probability
BTD-chr3-15645183:vaccine-peptide-3,BTD,8,L|Y,cytosolic/proteasome and MHC-I processing,4,netchop-3.1-20s-3.0;netchop-3.1-cterm-3.0;pepsickle-in-vivo-all-mammal;pepsickle-in-vivo-human-only,False,>=3 of 5 native 0-1 models at the 0.5 display threshold,support count only; not a cleavage probability
BTD-chr3-15645183:vaccine-peptide-3,BTD,9,Y|A,cytosolic/proteasome and MHC-I processing,5,netchop-3.1-20s-3.0;netchop-3.1-cterm-3.0;netcleave-i-hla;pepsickle-in-vivo-all-mammal;pepsickle-in-vivo-human-only,False,>=3 of 5 native 0-1 models at the 0.5 display threshold,support count only; not a cleavage probability
BTD-chr3-15645183:vaccine-peptide-3,BTD,11,L|G,cytosolic/proteasome and MHC-I processing,5,netchop-3.1-20s-3.0;netchop-3.1-cterm-3.0;netcleave-i-hla;pepsickle-in-vivo-all-mammal;pepsickle-in-vivo-human-only,False,>=3 of 5 native 0-1 models at the 0.5 display threshold,support count only; not a cleavage probability
BTD-chr3-15645183:vaccine-peptide-3,BTD,17,L|H,cytosolic/proteasome and MHC-I processing,5,netchop-3.1-20s-3.0;netchop-3.1-cterm-3.0;netcleave-i-hla;pepsickle-in-vivo-all-mammal;pepsickle-in-vivo-human-only,True,>=3 of 5 native 0-1 models at the 0.5 display threshold,support count only; not a cleavage probability
BTD-chr3-15645183:vaccine-peptide-3,BTD,20,V|H,cytosolic/proteasome and MHC-I processing,5,netchop-3.1-20s-3.0;netchop-3.1-cterm-3.0;netcleave-i-hla;pepsickle-in-vivo-all-mammal;pepsickle-in-vivo-human-only,False,>=3 of 5 native 0-1 models at the 0.5 display threshold,support count only; not a cleavage probability
BTD-chr3-15645183:vaccine-peptide-3,BTD,21,H|G,cytosolic/proteasome and MHC-I processing,3,netchop-3.1-cterm-3.0;pepsickle-in-vivo-all-mammal;pepsickle-in-vivo-human-only,False,>=3 of 5 native 0-1 models at the 0.5 display threshold,support count only; not a cleavage probability
CD109-chr6-73818405:vaccine-peptide-1,CD109,10,M|A,cytosolic/proteasome and MHC-I processing,4,netchop-3.1-20s-3.0;netcleave-i-hla;pepsickle-in-vivo-all-mammal;pepsickle-in-vivo-human-only,False,>=3 of 5 native 0-1 models at the 0.5 display threshold,support count only; not a cleavage probability
CD109-chr6-73818405:vaccine-peptide-1,CD109,12,L|M,cytosolic/proteasome and MHC-I processing,5,netchop-3.1-20s-3.0;netchop-3.1-cterm-3.0;netcleave-i-hla;pepsickle-in-vivo-all-mammal;pepsickle-in-vivo-human-only,False,>=3 of 5 native 0-1 models at the 0.5 display threshold,support count only; not a cleavage probability
CD109-chr6-73818405:vaccine-peptide-1,CD109,15,V|N,cytosolic/proteasome and MHC-I processing,3,netchop-3.1-20s-3.0;netcleave-i-hla;pepsickle-in-vivo-human-only,False,>=3 of 5 native 0-1 models at the 0.5 display threshold,support count only; not a cleavage probability
CD109-chr6-73818405:vaccine-peptide-1,CD109,17,L|L,cytosolic/proteasome and MHC-I processing,3,netchop-3.1-20s-3.0;netchop-3.1-cterm-3.0;pepsickle-in-vivo-human-only,False,>=3 of 5 native 0-1 models at the 0.5 display threshold,support count only; not a cleavage probability
CD109-chr6-73818405:vaccine-peptide-1,CD109,18,L|S,cytosolic/proteasome and MHC-I processing,5,netchop-3.1-20s-3.0;netchop-3.1-cterm-3.0;netcleave-i-hla;pepsickle-in-vivo-all-mammal;pepsickle-in-vivo-human-only,False,>=3 of 5 native 0-1 models at the 0.5 display threshold,support count only; not a cleavage probability
CD109-chr6-73818405:vaccine-peptide-1,CD109,21,K|K,cytosolic/proteasome and MHC-I processing,3,netchop-3.1-cterm-3.0;pepsickle-in-vivo-all-mammal;pepsickle-in-vivo-human-only,False,>=3 of 5 native 0-1 models at the 0.5 display threshold,support count only; not a cleavage probability
CD109-chr6-73818405:vaccine-peptide-1,CD109,22,K|K,cytosolic/proteasome and MHC-I processing,3,netchop-3.1-cterm-3.0;pepsickle-in-vivo-all-mammal;pepsickle-in-vivo-human-only,False,>=3 of 5 native 0-1 models at the 0.5 display threshold,support count only; not a cleavage probability
CD109-chr6-73818405:vaccine-peptide-1,CD109,22,K|K,extracellular/plasma recognition motifs,2,cpb2-basic;cpn-basic,False,>=2 distinct curated recognition rules match the same bond,support count only; not a cleavage probability
CDC40-chr6-110228838:vaccine-peptide-3,CDC40,8,L|S,cytosolic/proteasome and MHC-I processing,5,netchop-3.1-20s-3.0;netchop-3.1-cterm-3.0;netcleave-i-hla;pepsickle-in-vivo-all-mammal;pepsickle-in-vivo-human-only,True,>=3 of 5 native 0-1 models at the 0.5 display threshold,support count only; not a cleavage probability
CDC40-chr6-110228838:vaccine-peptide-3,CDC40,15,L|A,cytosolic/proteasome and MHC-I processing,5,netchop-3.1-20s-3.0;netchop-3.1-cterm-3.0;netcleave-i-hla;pepsickle-in-vivo-all-mammal;pepsickle-in-vivo-human-only,False,>=3 of 5 native 0-1 models at the 0.5 display threshold,support count only; not a cleavage probability
CDC40-chr6-110228838:vaccine-peptide-3,CDC40,16,A|C,cytosolic/proteasome and MHC-I processing,3,netchop-3.1-cterm-3.0;pepsickle-in-vivo-all-mammal;pepsickle-in-vivo-human-only,False,>=3 of 5 native 0-1 models at the 0.5 display threshold,support count only; not a cleavage probability
CDC40-chr6-110228838:vaccine-peptide-3,CDC40,20,M|D,cytosolic/proteasome and MHC-I processing,4,netchop-3.1-20s-3.0;netchop-3.1-cterm-3.0;netcleave-i-hla;pepsickle-in-vivo-human-only,False,>=3 of 5 native 0-1 models at the 0.5 display threshold,support count only; not a cleavage probability
CDC40-chr6-110228838:vaccine-peptide-3,CDC40,24,K|K,extracellular/plasma recognition motifs,2,cpb2-basic;cpn-basic,False,>=2 distinct curated recognition rules match the same bond,support count only; not a cleavage probability
CENPL-chr1-173811223:vaccine-peptide-1,CENPL,11,A|T,cytosolic/proteasome and MHC-I processing,5,netchop-3.1-20s-3.0;netchop-3.1-cterm-3.0;netcleave-i-hla;pepsickle-in-vivo-all-mammal;pepsickle-in-vivo-human-only,False,>=3 of 5 native 0-1 models at the 0.5 display threshold,support count only; not a cleavage probability
CENPL-chr1-173811223:vaccine-peptide-1,CENPL,14,L|Q,cytosolic/proteasome and MHC-I processing,4,netchop-3.1-cterm-3.0;netcleave-i-hla;pepsickle-in-vivo-all-mammal;pepsickle-in-vivo-human-only,False,>=3 of 5 native 0-1 models at the 0.5 display threshold,support count only; not a cleavage probability
CENPL-chr1-173811223:vaccine-peptide-1,CENPL,16,K|R,cytosolic/proteasome and MHC-I processing,5,netchop-3.1-20s-3.0;netchop-3.1-cterm-3.0;netcleave-i-hla;pepsickle-in-vivo-all-mammal;pepsickle-in-vivo-human-only,False,>=3 of 5 native 0-1 models at the 0.5 display threshold,support count only; not a cleavage probability
CENPL-chr1-173811223:vaccine-peptide-1,CENPL,17,R|L,cytosolic/proteasome and MHC-I processing,3,netchop-3.1-20s-3.0;pepsickle-in-vivo-all-mammal;pepsickle-in-vivo-human-only,False,>=3 of 5 native 0-1 models at the 0.5 display threshold,support count only; not a cleavage probability
CENPL-chr1-173811223:vaccine-peptide-1,CENPL,18,L|E,cytosolic/proteasome and MHC-I processing,3,netchop-3.1-20s-3.0;netchop-3.1-cterm-3.0;netcleave-i-hla,False,>=3 of 5 native 0-1 models at the 0.5 display threshold,support count only; not a cleavage probability
CENPL-chr1-173811223:vaccine-peptide-1,CENPL,21,V|R,cytosolic/proteasome and MHC-I processing,3,netchop-3.1-cterm-3.0;pepsickle-in-vivo-all-mammal;pepsickle-in-vivo-human-only,False,>=3 of 5 native 0-1 models at the 0.5 display threshold,support count only; not a cleavage probability
CENPL-chr1-173811223:vaccine-peptide-1,CENPL,22,R|K,cytosolic/proteasome and MHC-I processing,3,netchop-3.1-20s-3.0;pepsickle-in-vivo-all-mammal;pepsickle-in-vivo-human-only,False,>=3 of 5 native 0-1 models at the 0.5 display threshold,support count only; not a cleavage probability
CENPL-chr1-173811223:vaccine-peptide-1,CENPL,22,R|K,extracellular/plasma recognition motifs,2,cpb2-basic;cpn-basic,False,>=2 distinct curated recognition rules match the same bond,support count only; not a cleavage probability
CUL9-chr6-43186384:vaccine-peptide-1,CUL9,1,R|M,cytosol/ER recognition motifs,2,erap2-basic;npepps-n-terminal,False,>=2 distinct curated recognition rules match the same bond,support count only; not a cleavage probability
CUL9-chr6-43186384:vaccine-peptide-1,CUL9,9,I|S,cytosolic/proteasome and MHC-I processing,5,netchop-3.1-20s-3.0;netchop-3.1-cterm-3.0;netcleave-i-hla;pepsickle-in-vivo-all-mammal;pepsickle-in-vivo-human-only,False,>=3 of 5 native 0-1 models at the 0.5 display threshold,support count only; not a cleavage probability
CUL9-chr6-43186384:vaccine-peptide-1,CUL9,17,F|R,cytosolic/proteasome and MHC-I processing,3,netchop-3.1-cterm-3.0;netcleave-i-hla;pepsickle-in-vivo-human-only,False,>=3 of 5 native 0-1 models at the 0.5 display threshold,support count only; not a cleavage probability
CUL9-chr6-43186384:vaccine-peptide-1,CUL9,21,K|K,cytosolic/proteasome and MHC-I processing,3,netchop-3.1-cterm-3.0;pepsickle-in-vivo-all-mammal;pepsickle-in-vivo-human-only,False,>=3 of 5 native 0-1 models at the 0.5 display threshold,support count only; not a cleavage probability
CUL9-chr6-43186384:vaccine-peptide-1,CUL9,22,K|K,cytosolic/proteasome and MHC-I processing,3,netchop-3.1-cterm-3.0;pepsickle-in-vivo-all-mammal;pepsickle-in-vivo-human-only,False,>=3 of 5 native 0-1 models at the 0.5 display threshold,support count only; not a cleavage probability
CUL9-chr6-43186384:vaccine-peptide-1,CUL9,22,K|K,extracellular/plasma recognition motifs,2,cpb2-basic;cpn-basic,False,>=2 distinct curated recognition rules match the same bond,support count only; not a cleavage probability
DYNC1H1-chr14-101980529:vaccine-peptide-3,DYNC1H1,8,I|S,cytosolic/proteasome and MHC-I processing,3,netchop-3.1-20s-3.0;netchop-3.1-cterm-3.0;netcleave-i-hla,True,>=3 of 5 native 0-1 models at the 0.5 display threshold,support count only; not a cleavage probability
DYNC1H1-chr14-101980529:vaccine-peptide-3,DYNC1H1,10,F|D,cytosolic/proteasome and MHC-I processing,5,netchop-3.1-20s-3.0;netchop-3.1-cterm-3.0;netcleave-i-hla;pepsickle-in-vivo-all-mammal;pepsickle-in-vivo-human-only,False,>=3 of 5 native 0-1 models at the 0.5 display threshold,support count only; not a cleavage probability
DYNC1H1-chr14-101980529:vaccine-peptide-3,DYNC1H1,16,L|K,cytosolic/proteasome and MHC-I processing,4,netchop-3.1-cterm-3.0;netcleave-i-hla;pepsickle-in-vivo-all-mammal;pepsickle-in-vivo-human-only,False,>=3 of 5 native 0-1 models at the 0.5 display threshold,support count only; not a cleavage probability
DYNC1H1-chr14-101980529:vaccine-peptide-3,DYNC1H1,17,K|Q,cytosolic/proteasome and MHC-I processing,3,netchop-3.1-cterm-3.0;pepsickle-in-vivo-all-mammal;pepsickle-in-vivo-human-only,False,>=3 of 5 native 0-1 models at the 0.5 display threshold,support count only; not a cleavage probability
DYNC1H1-chr14-101980529:vaccine-peptide-3,DYNC1H1,20,L|E,cytosolic/proteasome and MHC-I processing,4,netchop-3.1-cterm-3.0;netcleave-i-hla;pepsickle-in-vivo-all-mammal;pepsickle-in-vivo-human-only,False,>=3 of 5 native 0-1 models at the 0.5 display threshold,support count only; not a cleavage probability
DYNC1H1-chr14-101980529:vaccine-peptide-3,DYNC1H1,23,K|K,cytosolic/proteasome and MHC-I processing,3,netchop-3.1-cterm-3.0;pepsickle-in-vivo-all-mammal;pepsickle-in-vivo-human-only,False,>=3 of 5 native 0-1 models at the 0.5 display threshold,support count only; not a cleavage probability
DYNC1H1-chr14-101980529:vaccine-peptide-3,DYNC1H1,23,K|K,extracellular/plasma recognition motifs,2,cpb2-basic;cpn-basic,False,>=2 distinct curated recognition rules match the same bond,support count only; not a cleavage probability
DYNC1H1-chr14-101980529:vaccine-peptide-4,DYNC1H1,1,K|H,cytosol/ER recognition motifs,2,erap2-basic;npepps-n-terminal,False,>=2 distinct curated recognition rules match the same bond,support count only; not a cleavage probability
DYNC1H1-chr14-101980529:vaccine-peptide-4,DYNC1H1,10,I|S,cytosolic/proteasome and MHC-I processing,4,netchop-3.1-20s-3.0;netchop-3.1-cterm-3.0;netcleave-i-hla;pepsickle-in-vivo-all-mammal,True,>=3 of 5 native 0-1 models at the 0.5 display threshold,support count only; not a cleavage probability
DYNC1H1-chr14-101980529:vaccine-peptide-4,DYNC1H1,12,F|D,cytosolic/proteasome and MHC-I processing,5,netchop-3.1-20s-3.0;netchop-3.1-cterm-3.0;netcleave-i-hla;pepsickle-in-vivo-all-mammal;pepsickle-in-vivo-human-only,False,>=3 of 5 native 0-1 models at the 0.5 display threshold,support count only; not a cleavage probability
EPG5-chr18-45925851:vaccine-peptide-1,EPG5,1,K|E,cytosol/ER recognition motifs,2,erap2-basic;npepps-n-terminal,False,>=2 distinct curated recognition rules match the same bond,support count only; not a cleavage probability
EPG5-chr18-45925851:vaccine-peptide-1,EPG5,8,W|Q,cytosolic/proteasome and MHC-I processing,5,netchop-3.1-20s-3.0;netchop-3.1-cterm-3.0;netcleave-i-hla;pepsickle-in-vivo-all-mammal;pepsickle-in-vivo-human-only,False,>=3 of 5 native 0-1 models at the 0.5 display threshold,support count only; not a cleavage probability
EPG5-chr18-45925851:vaccine-peptide-1,EPG5,15,I|A,cytosolic/proteasome and MHC-I processing,5,netchop-3.1-20s-3.0;netchop-3.1-cterm-3.0;netcleave-i-hla;pepsickle-in-vivo-all-mammal;pepsickle-in-vivo-human-only,False,>=3 of 5 native 0-1 models at the 0.5 display threshold,support count only; not a cleavage probability
EPG5-chr18-45925851:vaccine-peptide-1,EPG5,18,I|R,cytosolic/proteasome and MHC-I processing,3,netchop-3.1-20s-3.0;netchop-3.1-cterm-3.0;pepsickle-in-vivo-all-mammal,False,>=3 of 5 native 0-1 models at the 0.5 display threshold,support count only; not a cleavage probability
EPG5-chr18-45925851:vaccine-peptide-1,EPG5,19,R|D,cytosolic/proteasome and MHC-I processing,3,netchop-3.1-20s-3.0;netchop-3.1-cterm-3.0;pepsickle-in-vivo-all-mammal,False,>=3 of 5 native 0-1 models at the 0.5 display threshold,support count only; not a cleavage probability
EPG5-chr18-45925851:vaccine-peptide-1,EPG5,21,W|K,cytosolic/proteasome and MHC-I processing,3,netchop-3.1-cterm-3.0;pepsickle-in-vivo-all-mammal;pepsickle-in-vivo-human-only,False,>=3 of 5 native 0-1 models at the 0.5 display threshold,support count only; not a cleavage probability
EPG5-chr18-45925851:vaccine-peptide-1,EPG5,22,K|K,extracellular/plasma recognition motifs,2,cpb2-basic;cpn-basic,False,>=2 distinct curated recognition rules match the same bond,support count only; not a cleavage probability
EPG5-chr18-45925851:vaccine-peptide-2,EPG5,1,K|E,cytosol/ER recognition motifs,2,erap2-basic;npepps-n-terminal,False,>=2 distinct curated recognition rules match the same bond,support count only; not a cleavage probability
EPG5-chr18-45925851:vaccine-peptide-2,EPG5,8,W|Q,cytosolic/proteasome and MHC-I processing,5,netchop-3.1-20s-3.0;netchop-3.1-cterm-3.0;netcleave-i-hla;pepsickle-in-vivo-all-mammal;pepsickle-in-vivo-human-only,False,>=3 of 5 native 0-1 models at the 0.5 display threshold,support count only; not a cleavage probability
EPG5-chr18-45925851:vaccine-peptide-2,EPG5,15,I|A,cytosolic/proteasome and MHC-I processing,5,netchop-3.1-20s-3.0;netchop-3.1-cterm-3.0;netcleave-i-hla;pepsickle-in-vivo-all-mammal;pepsickle-in-vivo-human-only,False,>=3 of 5 native 0-1 models at the 0.5 display threshold,support count only; not a cleavage probability
EPG5-chr18-45925851:vaccine-peptide-2,EPG5,17,V|I,cytosolic/proteasome and MHC-I processing,3,netchop-3.1-cterm-3.0;pepsickle-in-vivo-all-mammal;pepsickle-in-vivo-human-only,False,>=3 of 5 native 0-1 models at the 0.5 display threshold,support count only; not a cleavage probability
EPG5-chr18-45925851:vaccine-peptide-2,EPG5,18,I|R,cytosolic/proteasome and MHC-I processing,4,netchop-3.1-20s-3.0;netchop-3.1-cterm-3.0;pepsickle-in-vivo-all-mammal;pepsickle-in-vivo-human-only,False,>=3 of 5 native 0-1 models at the 0.5 display threshold,support count only; not a cleavage probability
EPG5-chr18-45925851:vaccine-peptide-2,EPG5,19,R|D,cytosolic/proteasome and MHC-I processing,4,netchop-3.1-20s-3.0;netchop-3.1-cterm-3.0;pepsickle-in-vivo-all-mammal;pepsickle-in-vivo-human-only,False,>=3 of 5 native 0-1 models at the 0.5 display threshold,support count only; not a cleavage probability
EPG5-chr18-45925851:vaccine-peptide-3,EPG5,1,K|K,cytosol/ER recognition motifs,2,erap2-basic;npepps-n-terminal,False,>=2 distinct curated recognition rules match the same bond,support count only; not a cleavage probability
EPG5-chr18-45925851:vaccine-peptide-3,EPG5,8,L|S,cytosolic/proteasome and MHC-I processing,5,netchop-3.1-20s-3.0;netchop-3.1-cterm-3.0;netcleave-i-hla;pepsickle-in-vivo-all-mammal;pepsickle-in-vivo-human-only,False,>=3 of 5 native 0-1 models at the 0.5 display threshold,support count only; not a cleavage probability
EPG5-chr18-45925851:vaccine-peptide-3,EPG5,11,I|D,cytosolic/proteasome and MHC-I processing,4,netchop-3.1-cterm-3.0;netcleave-i-hla;pepsickle-in-vivo-all-mammal;pepsickle-in-vivo-human-only,False,>=3 of 5 native 0-1 models at the 0.5 display threshold,support count only; not a cleavage probability
EPG5-chr18-45925851:vaccine-peptide-3,EPG5,14,V|E,cytosolic/proteasome and MHC-I processing,3,netchop-3.1-20s-3.0;netchop-3.1-cterm-3.0;netcleave-i-hla,False,>=3 of 5 native 0-1 models at the 0.5 display threshold,support count only; not a cleavage probability
EPG5-chr18-45925851:vaccine-peptide-3,EPG5,17,R|E,cytosolic/proteasome and MHC-I processing,3,netchop-3.1-20s-3.0;netchop-3.1-cterm-3.0;netcleave-i-hla,False,>=3 of 5 native 0-1 models at the 0.5 display threshold,support count only; not a cleavage probability
EPG5-chr18-45925851:vaccine-peptide-3,EPG5,21,K|G,cytosolic/proteasome and MHC-I processing,3,netchop-3.1-cterm-3.0;pepsickle-in-vivo-all-mammal;pepsickle-in-vivo-human-only,False,>=3 of 5 native 0-1 models at the 0.5 display threshold,support count only; not a cleavage probability
EPG5-chr18-45925851:vaccine-peptide-3,EPG5,22,G|R,extracellular/plasma recognition motifs,2,cpb2-basic;cpn-basic,False,>=2 distinct curated recognition rules match the same bond,support count only; not a cleavage probability
EXOC4-chr7-133274996:vaccine-peptide-1,EXOC4,1,K|K,cytosol/ER recognition motifs,2,erap2-basic;npepps-n-terminal,False,>=2 distinct curated recognition rules match the same bond,support count only; not a cleavage probability
EXOC4-chr7-133274996:vaccine-peptide-1,EXOC4,8,L|S,cytosolic/proteasome and MHC-I processing,5,netchop-3.1-20s-3.0;netchop-3.1-cterm-3.0;netcleave-i-hla;pepsickle-in-vivo-all-mammal;pepsickle-in-vivo-human-only,False,>=3 of 5 native 0-1 models at the 0.5 display threshold,support count only; not a cleavage probability
EXOC4-chr7-133274996:vaccine-peptide-1,EXOC4,11,I|D,cytosolic/proteasome and MHC-I processing,4,netchop-3.1-cterm-3.0;netcleave-i-hla;pepsickle-in-vivo-all-mammal;pepsickle-in-vivo-human-only,False,>=3 of 5 native 0-1 models at the 0.5 display threshold,support count only; not a cleavage probability
EXOC4-chr7-133274996:vaccine-peptide-1,EXOC4,14,V|E,cytosolic/proteasome and MHC-I processing,3,netchop-3.1-20s-3.0;netchop-3.1-cterm-3.0;netcleave-i-hla,False,>=3 of 5 native 0-1 models at the 0.5 display threshold,support count only; not a cleavage probability
EXOC4-chr7-133274996:vaccine-peptide-1,EXOC4,17,R|E,cytosolic/proteasome and MHC-I processing,3,netchop-3.1-20s-3.0;netchop-3.1-cterm-3.0;netcleave-i-hla,False,>=3 of 5 native 0-1 models at the 0.5 display threshold,support count only; not a cleavage probability
EXOC4-chr7-133274996:vaccine-peptide-1,EXOC4,21,K|G,cytosolic/proteasome and MHC-I processing,3,netchop-3.1-cterm-3.0;pepsickle-in-vivo-all-mammal;pepsickle-in-vivo-human-only,False,>=3 of 5 native 0-1 models at the 0.5 display threshold,support count only; not a cleavage probability
EXOC4-chr7-133274996:vaccine-peptide-1,EXOC4,22,G|R,extracellular/plasma recognition motifs,2,cpb2-basic;cpn-basic,False,>=2 distinct curated recognition rules match the same bond,support count only; not a cleavage probability
EXOC4-chr7-133274996:vaccine-peptide-2,EXOC4,9,I|D,cytosolic/proteasome and MHC-I processing,4,netchop-3.1-cterm-3.0;netcleave-i-hla;pepsickle-in-vivo-all-mammal;pepsickle-in-vivo-human-only,False,>=3 of 5 native 0-1 models at the 0.5 display threshold,support count only; not a cleavage probability
EXOC4-chr7-133274996:vaccine-peptide-2,EXOC4,12,V|E,cytosolic/proteasome and MHC-I processing,3,netchop-3.1-20s-3.0;netchop-3.1-cterm-3.0;netcleave-i-hla,False,>=3 of 5 native 0-1 models at the 0.5 display threshold,support count only; not a cleavage probability
EXOC4-chr7-133274996:vaccine-peptide-2,EXOC4,15,R|E,cytosolic/proteasome and MHC-I processing,3,netchop-3.1-20s-3.0;netchop-3.1-cterm-3.0;pepsickle-in-vivo-human-only,False,>=3 of 5 native 0-1 models at the 0.5 display threshold,support count only; not a cleavage probability
GLIS3-chr9-3856149:vaccine-peptide-1,GLIS3,9,F|F,cytosolic/proteasome and MHC-I processing,5,netchop-3.1-20s-3.0;netchop-3.1-cterm-3.0;netcleave-i-hla;pepsickle-in-vivo-all-mammal;pepsickle-in-vivo-human-only,False,>=3 of 5 native 0-1 models at the 0.5 display threshold,support count only; not a cleavage probability
GLIS3-chr9-3856149:vaccine-peptide-1,GLIS3,10,F|N,cytosolic/proteasome and MHC-I processing,4,netchop-3.1-20s-3.0;netchop-3.1-cterm-3.0;pepsickle-in-vivo-all-mammal;pepsickle-in-vivo-human-only,False,>=3 of 5 native 0-1 models at the 0.5 display threshold,support count only; not a cleavage probability
GLIS3-chr9-3856149:vaccine-peptide-1,GLIS3,13,A|K,cytosolic/proteasome and MHC-I processing,3,netchop-3.1-20s-3.0;netchop-3.1-cterm-3.0;netcleave-i-hla,False,>=3 of 5 native 0-1 models at the 0.5 display threshold,support count only; not a cleavage probability
GLIS3-chr9-3856149:vaccine-peptide-1,GLIS3,14,K|N,cytosolic/proteasome and MHC-I processing,4,netchop-3.1-cterm-3.0;netcleave-i-hla;pepsickle-in-vivo-all-mammal;pepsickle-in-vivo-human-only,False,>=3 of 5 native 0-1 models at the 0.5 display threshold,support count only; not a cleavage probability
GLIS3-chr9-3856149:vaccine-peptide-1,GLIS3,17,A|S,cytosolic/proteasome and MHC-I processing,3,netchop-3.1-20s-3.0;netcleave-i-hla;pepsickle-in-vivo-human-only,False,>=3 of 5 native 0-1 models at the 0.5 display threshold,support count only; not a cleavage probability
GLIS3-chr9-3856149:vaccine-peptide-1,GLIS3,19,L|Y,cytosolic/proteasome and MHC-I processing,5,netchop-3.1-20s-3.0;netchop-3.1-cterm-3.0;netcleave-i-hla;pepsickle-in-vivo-all-mammal;pepsickle-in-vivo-human-only,False,>=3 of 5 native 0-1 models at the 0.5 display threshold,support count only; not a cleavage probability
GLIS3-chr9-3856149:vaccine-peptide-1,GLIS3,20,Y|P,cytosolic/proteasome and MHC-I processing,3,netchop-3.1-cterm-3.0;pepsickle-in-vivo-all-mammal;pepsickle-in-vivo-human-only,False,>=3 of 5 native 0-1 models at the 0.5 display threshold,support count only; not a cleavage probability
GLIS3-chr9-3856149:vaccine-peptide-1,GLIS3,26,F|T,cytosolic/proteasome and MHC-I processing,5,netchop-3.1-20s-3.0;netchop-3.1-cterm-3.0;netcleave-i-hla;pepsickle-in-vivo-all-mammal;pepsickle-in-vivo-human-only,False,>=3 of 5 native 0-1 models at the 0.5 display threshold,support count only; not a cleavage probability
GLIS3-chr9-3856149:vaccine-peptide-1,GLIS3,30,V|L,cytosolic/proteasome and MHC-I processing,3,netchop-3.1-cterm-3.0;pepsickle-in-vivo-all-mammal;pepsickle-in-vivo-human-only,False,>=3 of 5 native 0-1 models at the 0.5 display threshold,support count only; not a cleavage probability
GLIS3-chr9-3856149:vaccine-peptide-1,GLIS3,31,L|S,cytosolic/proteasome and MHC-I processing,5,netchop-3.1-20s-3.0;netchop-3.1-cterm-3.0;netcleave-i-hla;pepsickle-in-vivo-all-mammal;pepsickle-in-vivo-human-only,False,>=3 of 5 native 0-1 models at the 0.5 display threshold,support count only; not a cleavage probability
GLIS3-chr9-3856149:vaccine-peptide-1,GLIS3,33,A|R,cytosolic/proteasome and MHC-I processing,4,netchop-3.1-20s-3.0;netchop-3.1-cterm-3.0;pepsickle-in-vivo-all-mammal;pepsickle-in-vivo-human-only,False,>=3 of 5 native 0-1 models at the 0.5 display threshold,support count only; not a cleavage probability
GLIS3-chr9-3856149:vaccine-peptide-1,GLIS3,34,R|N,cytosolic/proteasome and MHC-I processing,3,netcleave-i-hla;pepsickle-in-vivo-all-mammal;pepsickle-in-vivo-human-only,False,>=3 of 5 native 0-1 models at the 0.5 display threshold,support count only; not a cleavage probability
GLIS3-chr9-3856149:vaccine-peptide-1,GLIS3,39,F|S,cytosolic/proteasome and MHC-I processing,4,netchop-3.1-20s-3.0;netcleave-i-hla;pepsickle-in-vivo-all-mammal;pepsickle-in-vivo-human-only,False,>=3 of 5 native 0-1 models at the 0.5 display threshold,support count only; not a cleavage probability
GLIS3-chr9-3856149:vaccine-peptide-1,GLIS3,43,W|Y,cytosolic/proteasome and MHC-I processing,5,netchop-3.1-20s-3.0;netchop-3.1-cterm-3.0;netcleave-i-hla;pepsickle-in-vivo-all-mammal;pepsickle-in-vivo-human-only,False,>=3 of 5 native 0-1 models at the 0.5 display threshold,support count only; not a cleavage probability
GLIS3-chr9-3856149:vaccine-peptide-1,GLIS3,50,L|W,cytosolic/proteasome and MHC-I processing,4,netchop-3.1-20s-3.0;netchop-3.1-cterm-3.0;pepsickle-in-vivo-all-mammal;pepsickle-in-vivo-human-only,False,>=3 of 5 native 0-1 models at the 0.5 display threshold,support count only; not a cleavage probability
GLIS3-chr9-3856149:vaccine-peptide-1,GLIS3,51,W|A,cytosolic/proteasome and MHC-I processing,5,netchop-3.1-20s-3.0;netchop-3.1-cterm-3.0;netcleave-i-hla;pepsickle-in-vivo-all-mammal;pepsickle-in-vivo-human-only,False,>=3 of 5 native 0-1 models at the 0.5 display threshold,support count only; not a cleavage probability
GLIS3-chr9-3856149:vaccine-peptide-1,GLIS3,52,A|A,cytosolic/proteasome and MHC-I processing,4,netchop-3.1-20s-3.0;netchop-3.1-cterm-3.0;pepsickle-in-vivo-all-mammal;pepsickle-in-vivo-human-only,False,>=3 of 5 native 0-1 models at the 0.5 display threshold,support count only; not a cleavage probability
GLIS3-chr9-3856149:vaccine-peptide-1,GLIS3,57,L|S,cytosolic/proteasome and MHC-I processing,5,netchop-3.1-20s-3.0;netchop-3.1-cterm-3.0;netcleave-i-hla;pepsickle-in-vivo-all-mammal;pepsickle-in-vivo-human-only,False,>=3 of 5 native 0-1 models at the 0.5 display threshold,support count only; not a cleavage probability
GLIS3-chr9-3856149:vaccine-peptide-1,GLIS3,61,L|P,cytosolic/proteasome and MHC-I processing,5,netchop-3.1-20s-3.0;netchop-3.1-cterm-3.0;netcleave-i-hla;pepsickle-in-vivo-all-mammal;pepsickle-in-vivo-human-only,False,>=3 of 5 native 0-1 models at the 0.5 display threshold,support count only; not a cleavage probability
GLIS3-chr9-3856149:vaccine-peptide-1,GLIS3,63,R|F,cytosolic/proteasome and MHC-I processing,3,netchop-3.1-cterm-3.0;pepsickle-in-vivo-all-mammal;pepsickle-in-vivo-human-only,False,>=3 of 5 native 0-1 models at the 0.5 display threshold,support count only; not a cleavage probability
GLIS3-chr9-3856149:vaccine-peptide-1,GLIS3,64,F|P,cytosolic/proteasome and MHC-I processing,4,netchop-3.1-cterm-3.0;netcleave-i-hla;pepsickle-in-vivo-all-mammal;pepsickle-in-vivo-human-only,False,>=3 of 5 native 0-1 models at the 0.5 display threshold,support count only; not a cleavage probability
GLIS3-chr9-3856149:vaccine-peptide-1,GLIS3,69,A|A,cytosolic/proteasome and MHC-I processing,4,netchop-3.1-20s-3.0;netchop-3.1-cterm-3.0;pepsickle-in-vivo-all-mammal;pepsickle-in-vivo-human-only,False,>=3 of 5 native 0-1 models at the 0.5 display threshold,support count only; not a cleavage probability
GLIS3-chr9-3856149:vaccine-peptide-1,GLIS3,70,A|C,cytosolic/proteasome and MHC-I processing,4,netchop-3.1-20s-3.0;netchop-3.1-cterm-3.0;pepsickle-in-vivo-all-mammal;pepsickle-in-vivo-human-only,False,>=3 of 5 native 0-1 models at the 0.5 display threshold,support count only; not a cleavage probability
GLIS3-chr9-3856149:vaccine-peptide-1,GLIS3,73,L|L,cytosolic/proteasome and MHC-I processing,5,netchop-3.1-20s-3.0;netchop-3.1-cterm-3.0;netcleave-i-hla;pepsickle-in-vivo-all-mammal;pepsickle-in-vivo-human-only,False,>=3 of 5 native 0-1 models at the 0.5 display threshold,support count only; not a cleavage probability
GLIS3-chr9-3856149:vaccine-peptide-1,GLIS3,74,L|Q,cytosolic/proteasome and MHC-I processing,4,netchop-3.1-20s-3.0;netcleave-i-hla;pepsickle-in-vivo-all-mammal;pepsickle-in-vivo-human-only,False,>=3 of 5 native 0-1 models at the 0.5 display threshold,support count only; not a cleavage probability
H1_2-chr6-26055824:vaccine-peptide-1,H1-2,2,A|K,cytosol/ER recognition motifs,2,dpp8-xp-xa;dpp9-xp-xa,False,>=2 distinct curated recognition rules match the same bond,support count only; not a cleavage probability
H1_2-chr6-26055824:vaccine-peptide-1,H1-2,10,V|K,cytosolic/proteasome and MHC-I processing,3,netchop-3.1-20s-3.0;netcleave-i-hla;pepsickle-in-vivo-human-only,False,>=3 of 5 native 0-1 models at the 0.5 display threshold,support count only; not a cleavage probability
H1_2-chr6-26055824:vaccine-peptide-1,H1-2,13,K|K,cytosolic/proteasome and MHC-I processing,4,netchop-3.1-cterm-3.0;netcleave-i-hla;pepsickle-in-vivo-all-mammal;pepsickle-in-vivo-human-only,False,>=3 of 5 native 0-1 models at the 0.5 display threshold,support count only; not a cleavage probability
H1_2-chr6-26055824:vaccine-peptide-1,H1-2,14,K|A,cytosolic/proteasome and MHC-I processing,3,netchop-3.1-cterm-3.0;pepsickle-in-vivo-all-mammal;pepsickle-in-vivo-human-only,False,>=3 of 5 native 0-1 models at the 0.5 display threshold,support count only; not a cleavage probability
H1_2-chr6-26055824:vaccine-peptide-1,H1-2,15,A|A,cytosolic/proteasome and MHC-I processing,3,netchop-3.1-20s-3.0;pepsickle-in-vivo-all-mammal;pepsickle-in-vivo-human-only,False,>=3 of 5 native 0-1 models at the 0.5 display threshold,support count only; not a cleavage probability
KDM3B-chr5-138391529:vaccine-peptide-1,KDM3B,10,K|L,cytosolic/proteasome and MHC-I processing,3,netchop-3.1-cterm-3.0;pepsickle-in-vivo-all-mammal;pepsickle-in-vivo-human-only,False,>=3 of 5 native 0-1 models at the 0.5 display threshold,support count only; not a cleavage probability
KDM3B-chr5-138391529:vaccine-peptide-1,KDM3B,11,L|S,cytosolic/proteasome and MHC-I processing,5,netchop-3.1-20s-3.0;netchop-3.1-cterm-3.0;netcleave-i-hla;pepsickle-in-vivo-all-mammal;pepsickle-in-vivo-human-only,False,>=3 of 5 native 0-1 models at the 0.5 display threshold,support count only; not a cleavage probability
KDM3B-chr5-138391529:vaccine-peptide-1,KDM3B,13,R|E,cytosolic/proteasome and MHC-I processing,5,netchop-3.1-20s-3.0;netchop-3.1-cterm-3.0;netcleave-i-hla;pepsickle-in-vivo-all-mammal;pepsickle-in-vivo-human-only,False,>=3 of 5 native 0-1 models at the 0.5 display threshold,support count only; not a cleavage probability
KDM3B-chr5-138391529:vaccine-peptide-1,KDM3B,21,L|A,cytosolic/proteasome and MHC-I processing,5,netchop-3.1-20s-3.0;netchop-3.1-cterm-3.0;netcleave-i-hla;pepsickle-in-vivo-all-mammal;pepsickle-in-vivo-human-only,False,>=3 of 5 native 0-1 models at the 0.5 display threshold,support count only; not a cleavage probability
KDM3B-chr5-138391529:vaccine-peptide-1,KDM3B,23,F|V,cytosolic/proteasome and MHC-I processing,4,netchop-3.1-cterm-3.0;netcleave-i-hla;pepsickle-in-vivo-all-mammal;pepsickle-in-vivo-human-only,False,>=3 of 5 native 0-1 models at the 0.5 display threshold,support count only; not a cleavage probability
KDM3B-chr5-138391529:vaccine-peptide-1,KDM3B,24,V|E,cytosolic/proteasome and MHC-I processing,3,netchop-3.1-cterm-3.0;pepsickle-in-vivo-all-mammal;pepsickle-in-vivo-human-only,False,>=3 of 5 native 0-1 models at the 0.5 display threshold,support count only; not a cleavage probability
KDM3B-chr5-138391529:vaccine-peptide-1,KDM3B,25,E|K,extracellular/plasma recognition motifs,2,cpb2-basic;cpn-basic,False,>=2 distinct curated recognition rules match the same bond,support count only; not a cleavage probability
KDM3B-chr5-138391529:vaccine-peptide-2,KDM3B,2,P|K,cytosol/ER recognition motifs,3,dpp8-xp-xa;dpp9-xp-xa;prep-pro,False,>=2 distinct curated recognition rules match the same bond,support count only; not a cleavage probability
KDM3B-chr5-138391529:vaccine-peptide-2,KDM3B,14,L|A,cytosolic/proteasome and MHC-I processing,5,netchop-3.1-20s-3.0;netchop-3.1-cterm-3.0;netcleave-i-hla;pepsickle-in-vivo-all-mammal;pepsickle-in-vivo-human-only,False,>=3 of 5 native 0-1 models at the 0.5 display threshold,support count only; not a cleavage probability
KDM3B-chr5-138391529:vaccine-peptide-2,KDM3B,15,A|F,cytosolic/proteasome and MHC-I processing,3,netchop-3.1-20s-3.0;pepsickle-in-vivo-all-mammal;pepsickle-in-vivo-human-only,False,>=3 of 5 native 0-1 models at the 0.5 display threshold,support count only; not a cleavage probability
KDM3B-chr5-138391529:vaccine-peptide-2,KDM3B,15,A|F,extracellular/plasma recognition motifs,2,ace-dipeptidyl;mme-hydrophobic,False,>=2 distinct curated recognition rules match the same bond,support count only; not a cleavage probability
KDM3B-chr5-138391529:vaccine-peptide-2,KDM3B,16,F|V,cytosolic/proteasome and MHC-I processing,4,netchop-3.1-20s-3.0;netchop-3.1-cterm-3.0;pepsickle-in-vivo-all-mammal;pepsickle-in-vivo-human-only,False,>=3 of 5 native 0-1 models at the 0.5 display threshold,support count only; not a cleavage probability
KIF1C-chr17-5007293:vaccine-peptide-1,KIF1C,8,L|N,cytosolic/proteasome and MHC-I processing,4,netchop-3.1-cterm-3.0;netcleave-i-hla;pepsickle-in-vivo-all-mammal;pepsickle-in-vivo-human-only,False,>=3 of 5 native 0-1 models at the 0.5 display threshold,support count only; not a cleavage probability
KIF1C-chr17-5007293:vaccine-peptide-1,KIF1C,12,W|E,cytosolic/proteasome and MHC-I processing,5,netchop-3.1-20s-3.0;netchop-3.1-cterm-3.0;netcleave-i-hla;pepsickle-in-vivo-all-mammal;pepsickle-in-vivo-human-only,False,>=3 of 5 native 0-1 models at the 0.5 display threshold,support count only; not a cleavage probability
KIF1C-chr17-5007293:vaccine-peptide-1,KIF1C,15,K|L,cytosolic/proteasome and MHC-I processing,3,netchop-3.1-cterm-3.0;pepsickle-in-vivo-all-mammal;pepsickle-in-vivo-human-only,False,>=3 of 5 native 0-1 models at the 0.5 display threshold,support count only; not a cleavage probability
KIF1C-chr17-5007293:vaccine-peptide-1,KIF1C,16,L|R,cytosolic/proteasome and MHC-I processing,4,netchop-3.1-cterm-3.0;netcleave-i-hla;pepsickle-in-vivo-all-mammal;pepsickle-in-vivo-human-only,False,>=3 of 5 native 0-1 models at the 0.5 display threshold,support count only; not a cleavage probability
KIF1C-chr17-5007293:vaccine-peptide-1,KIF1C,18,K|T,cytosolic/proteasome and MHC-I processing,3,netchop-3.1-cterm-3.0;pepsickle-in-vivo-all-mammal;pepsickle-in-vivo-human-only,False,>=3 of 5 native 0-1 models at the 0.5 display threshold,support count only; not a cleavage probability
KIF1C-chr17-5007293:vaccine-peptide-1,KIF1C,20,E|A,cytosolic/proteasome and MHC-I processing,3,netchop-3.1-20s-3.0;pepsickle-in-vivo-all-mammal;pepsickle-in-vivo-human-only,False,>=3 of 5 native 0-1 models at the 0.5 display threshold,support count only; not a cleavage probability
MAP2-chr2-209694768:vaccine-peptide-3,MAP2,1,K|T,cytosol/ER recognition motifs,2,erap2-basic;npepps-n-terminal,False,>=2 distinct curated recognition rules match the same bond,support count only; not a cleavage probability
MAP2-chr2-209694768:vaccine-peptide-3,MAP2,13,F|T,cytosolic/proteasome and MHC-I processing,4,netchop-3.1-cterm-3.0;netcleave-i-hla;pepsickle-in-vivo-all-mammal;pepsickle-in-vivo-human-only,True,>=3 of 5 native 0-1 models at the 0.5 display threshold,support count only; not a cleavage probability
MAP2-chr2-209694768:vaccine-peptide-3,MAP2,15,K|A,cytosolic/proteasome and MHC-I processing,4,netchop-3.1-20s-3.0;netchop-3.1-cterm-3.0;netcleave-i-hla;pepsickle-in-vivo-human-only,True,>=3 of 5 native 0-1 models at the 0.5 display threshold,support count only; not a cleavage probability
MAP2-chr2-209694768:vaccine-peptide-3,MAP2,16,A|L,cytosolic/proteasome and MHC-I processing,4,netchop-3.1-20s-3.0;netchop-3.1-cterm-3.0;pepsickle-in-vivo-all-mammal;pepsickle-in-vivo-human-only,True,>=3 of 5 native 0-1 models at the 0.5 display threshold,support count only; not a cleavage probability
MAP2-chr2-209694768:vaccine-peptide-3,MAP2,17,L|M,cytosolic/proteasome and MHC-I processing,5,netchop-3.1-20s-3.0;netchop-3.1-cterm-3.0;netcleave-i-hla;pepsickle-in-vivo-all-mammal;pepsickle-in-vivo-human-only,False,>=3 of 5 native 0-1 models at the 0.5 display threshold,support count only; not a cleavage probability
MAP2-chr2-209694768:vaccine-peptide-3,MAP2,18,M|I,cytosolic/proteasome and MHC-I processing,3,netchop-3.1-cterm-3.0;pepsickle-in-vivo-all-mammal;pepsickle-in-vivo-human-only,False,>=3 of 5 native 0-1 models at the 0.5 display threshold,support count only; not a cleavage probability
MAP2-chr2-209694768:vaccine-peptide-3,MAP2,19,I|K,cytosolic/proteasome and MHC-I processing,5,netchop-3.1-20s-3.0;netchop-3.1-cterm-3.0;netcleave-i-hla;pepsickle-in-vivo-all-mammal;pepsickle-in-vivo-human-only,False,>=3 of 5 native 0-1 models at the 0.5 display threshold,support count only; not a cleavage probability
MAP2-chr2-209694768:vaccine-peptide-3,MAP2,20,K|F,cytosolic/proteasome and MHC-I processing,3,netchop-3.1-cterm-3.0;pepsickle-in-vivo-all-mammal;pepsickle-in-vivo-human-only,False,>=3 of 5 native 0-1 models at the 0.5 display threshold,support count only; not a cleavage probability
MAP2-chr2-209694768:vaccine-peptide-3,MAP2,21,F|E,cytosolic/proteasome and MHC-I processing,4,netchop-3.1-20s-3.0;netchop-3.1-cterm-3.0;pepsickle-in-vivo-all-mammal;pepsickle-in-vivo-human-only,False,>=3 of 5 native 0-1 models at the 0.5 display threshold,support count only; not a cleavage probability
MAP2-chr2-209694768:vaccine-peptide-4,MAP2,1,K|T,cytosol/ER recognition motifs,2,erap2-basic;npepps-n-terminal,False,>=2 distinct curated recognition rules match the same bond,support count only; not a cleavage probability
MAP2-chr2-209694768:vaccine-peptide-4,MAP2,13,F|T,cytosolic/proteasome and MHC-I processing,4,netchop-3.1-cterm-3.0;netcleave-i-hla;pepsickle-in-vivo-all-mammal;pepsickle-in-vivo-human-only,True,>=3 of 5 native 0-1 models at the 0.5 display threshold,support count only; not a cleavage probability
MAP2-chr2-209694768:vaccine-peptide-4,MAP2,15,K|A,cytosolic/proteasome and MHC-I processing,4,netchop-3.1-20s-3.0;netchop-3.1-cterm-3.0;netcleave-i-hla;pepsickle-in-vivo-human-only,True,>=3 of 5 native 0-1 models at the 0.5 display threshold,support count only; not a cleavage probability
MAP2-chr2-209694768:vaccine-peptide-4,MAP2,16,A|L,cytosolic/proteasome and MHC-I processing,3,netchop-3.1-20s-3.0;netchop-3.1-cterm-3.0;pepsickle-in-vivo-human-only,True,>=3 of 5 native 0-1 models at the 0.5 display threshold,support count only; not a cleavage probability
MAP2-chr2-209694768:vaccine-peptide-4,MAP2,17,L|M,cytosolic/proteasome and MHC-I processing,5,netchop-3.1-20s-3.0;netchop-3.1-cterm-3.0;netcleave-i-hla;pepsickle-in-vivo-all-mammal;pepsickle-in-vivo-human-only,False,>=3 of 5 native 0-1 models at the 0.5 display threshold,support count only; not a cleavage probability
MAP2-chr2-209694768:vaccine-peptide-4,MAP2,19,I|K,cytosolic/proteasome and MHC-I processing,5,netchop-3.1-20s-3.0;netchop-3.1-cterm-3.0;netcleave-i-hla;pepsickle-in-vivo-all-mammal;pepsickle-in-vivo-human-only,False,>=3 of 5 native 0-1 models at the 0.5 display threshold,support count only; not a cleavage probability
MAP2-chr2-209694768:vaccine-peptide-4,MAP2,21,F|E,cytosolic/proteasome and MHC-I processing,4,netchop-3.1-20s-3.0;netcleave-i-hla;pepsickle-in-vivo-all-mammal;pepsickle-in-vivo-human-only,False,>=3 of 5 native 0-1 models at the 0.5 display threshold,support count only; not a cleavage probability
MT_ND5-chrM-12994:vaccine-peptide-1,MT-ND5,8,A|T,cytosolic/proteasome and MHC-I processing,3,netchop-3.1-20s-3.0;netchop-3.1-cterm-3.0;pepsickle-in-vivo-human-only,False,>=3 of 5 native 0-1 models at the 0.5 display threshold,support count only; not a cleavage probability
MT_ND5-chrM-12994:vaccine-peptide-1,MT-ND5,12,K|S,cytosolic/proteasome and MHC-I processing,3,netchop-3.1-cterm-3.0;netcleave-i-hla;pepsickle-in-vivo-human-only,False,>=3 of 5 native 0-1 models at the 0.5 display threshold,support count only; not a cleavage probability
MT_ND5-chrM-12994:vaccine-peptide-1,MT-ND5,14,A|Q,cytosolic/proteasome and MHC-I processing,3,netchop-3.1-20s-3.0;netchop-3.1-cterm-3.0;netcleave-i-hla,False,>=3 of 5 native 0-1 models at the 0.5 display threshold,support count only; not a cleavage probability
MT_ND5-chrM-12994:vaccine-peptide-1,MT-ND5,15,Q|L,extracellular/plasma recognition motifs,2,ace-dipeptidyl;mme-hydrophobic,False,>=2 distinct curated recognition rules match the same bond,support count only; not a cleavage probability
MT_ND5-chrM-12994:vaccine-peptide-1,MT-ND5,16,L|G,cytosolic/proteasome and MHC-I processing,4,netchop-3.1-20s-3.0;netchop-3.1-cterm-3.0;pepsickle-in-vivo-all-mammal;pepsickle-in-vivo-human-only,False,>=3 of 5 native 0-1 models at the 0.5 display threshold,support count only; not a cleavage probability
MYO15B-chr17-75589953:vaccine-peptide-1,MYO15B,11,V|L,cytosolic/proteasome and MHC-I processing,4,netchop-3.1-20s-3.0;netchop-3.1-cterm-3.0;pepsickle-in-vivo-all-mammal;pepsickle-in-vivo-human-only,False,>=3 of 5 native 0-1 models at the 0.5 display threshold,support count only; not a cleavage probability
MYO15B-chr17-75589953:vaccine-peptide-1,MYO15B,12,L|G,cytosolic/proteasome and MHC-I processing,5,netchop-3.1-20s-3.0;netchop-3.1-cterm-3.0;netcleave-i-hla;pepsickle-in-vivo-all-mammal;pepsickle-in-vivo-human-only,False,>=3 of 5 native 0-1 models at the 0.5 display threshold,support count only; not a cleavage probability
MYO15B-chr17-75589953:vaccine-peptide-1,MYO15B,14,L|A,cytosolic/proteasome and MHC-I processing,5,netchop-3.1-20s-3.0;netchop-3.1-cterm-3.0;netcleave-i-hla;pepsickle-in-vivo-all-mammal;pepsickle-in-vivo-human-only,False,>=3 of 5 native 0-1 models at the 0.5 display threshold,support count only; not a cleavage probability
MYO9A-chr15-71994488:vaccine-peptide-1,MYO9A,1,K|K,cytosol/ER recognition motifs,2,erap2-basic;npepps-n-terminal,False,>=2 distinct curated recognition rules match the same bond,support count only; not a cleavage probability
MYO9A-chr15-71994488:vaccine-peptide-1,MYO9A,8,F|R,cytosolic/proteasome and MHC-I processing,5,netchop-3.1-20s-3.0;netchop-3.1-cterm-3.0;netcleave-i-hla;pepsickle-in-vivo-all-mammal;pepsickle-in-vivo-human-only,False,>=3 of 5 native 0-1 models at the 0.5 display threshold,support count only; not a cleavage probability
MYO9A-chr15-71994488:vaccine-peptide-1,MYO9A,9,R|I,cytosolic/proteasome and MHC-I processing,3,netchop-3.1-20s-3.0;pepsickle-in-vivo-all-mammal;pepsickle-in-vivo-human-only,False,>=3 of 5 native 0-1 models at the 0.5 display threshold,support count only; not a cleavage probability
MYO9A-chr15-71994488:vaccine-peptide-1,MYO9A,10,I|N,cytosolic/proteasome and MHC-I processing,5,netchop-3.1-20s-3.0;netchop-3.1-cterm-3.0;netcleave-i-hla;pepsickle-in-vivo-all-mammal;pepsickle-in-vivo-human-only,False,>=3 of 5 native 0-1 models at the 0.5 display threshold,support count only; not a cleavage probability
MYO9A-chr15-71994488:vaccine-peptide-1,MYO9A,14,L|L,cytosolic/proteasome and MHC-I processing,5,netchop-3.1-20s-3.0;netchop-3.1-cterm-3.0;netcleave-i-hla;pepsickle-in-vivo-all-mammal;pepsickle-in-vivo-human-only,False,>=3 of 5 native 0-1 models at the 0.5 display threshold,support count only; not a cleavage probability
MYO9A-chr15-71994488:vaccine-peptide-1,MYO9A,18,K|V,cytosolic/proteasome and MHC-I processing,4,netchop-3.1-cterm-3.0;netcleave-i-hla;pepsickle-in-vivo-all-mammal;pepsickle-in-vivo-human-only,False,>=3 of 5 native 0-1 models at the 0.5 display threshold,support count only; not a cleavage probability
MYO9A-chr15-71994488:vaccine-peptide-1,MYO9A,20,L|E,cytosolic/proteasome and MHC-I processing,4,netchop-3.1-20s-3.0;netchop-3.1-cterm-3.0;pepsickle-in-vivo-all-mammal;pepsickle-in-vivo-human-only,False,>=3 of 5 native 0-1 models at the 0.5 display threshold,support count only; not a cleavage probability
MYO9A-chr15-71994488:vaccine-peptide-1,MYO9A,22,H|N,cytosolic/proteasome and MHC-I processing,5,netchop-3.1-20s-3.0;netchop-3.1-cterm-3.0;netcleave-i-hla;pepsickle-in-vivo-all-mammal;pepsickle-in-vivo-human-only,False,>=3 of 5 native 0-1 models at the 0.5 display threshold,support count only; not a cleavage probability
MYO9A-chr15-71994488:vaccine-peptide-1,MYO9A,24,T|K,extracellular/plasma recognition motifs,2,cpb2-basic;cpn-basic,False,>=2 distinct curated recognition rules match the same bond,support count only; not a cleavage probability
NME1-chr17-51154443:vaccine-peptide-1,NME1,2,P|I,cytosol/ER recognition motifs,3,dpp8-xp-xa;dpp9-xp-xa;prep-pro,False,>=2 distinct curated recognition rules match the same bond,support count only; not a cleavage probability
NME1-chr17-51154443:vaccine-peptide-1,NME1,2,P|I,extracellular/plasma recognition motifs,2,fap-dipeptidyl;mme-hydrophobic,False,>=2 distinct curated recognition rules match the same bond,support count only; not a cleavage probability
NME1-chr17-51154443:vaccine-peptide-1,NME1,11,M|A,cytosolic/proteasome and MHC-I processing,4,netchop-3.1-20s-3.0;netchop-3.1-cterm-3.0;pepsickle-in-vivo-all-mammal;pepsickle-in-vivo-human-only,False,>=3 of 5 native 0-1 models at the 0.5 display threshold,support count only; not a cleavage probability
NME1-chr17-51154443:vaccine-peptide-1,NME1,12,A|N,cytosolic/proteasome and MHC-I processing,4,netchop-3.1-20s-3.0;netchop-3.1-cterm-3.0;pepsickle-in-vivo-all-mammal;pepsickle-in-vivo-human-only,False,>=3 of 5 native 0-1 models at the 0.5 display threshold,support count only; not a cleavage probability
NR2F2-chr15-96332299:vaccine-peptide-1,NR2F2,18,K|Q,cytosolic/proteasome and MHC-I processing,3,netchop-3.1-cterm-3.0;netcleave-i-hla;pepsickle-in-vivo-human-only,False,>=3 of 5 native 0-1 models at the 0.5 display threshold,support count only; not a cleavage probability
NR2F2-chr15-96332299:vaccine-peptide-1,NR2F2,25,I|E,cytosolic/proteasome and MHC-I processing,3,netchop-3.1-cterm-3.0;pepsickle-in-vivo-all-mammal;pepsickle-in-vivo-human-only,False,>=3 of 5 native 0-1 models at the 0.5 display threshold,support count only; not a cleavage probability
NR2F2-chr15-96332299:vaccine-peptide-2,NR2F2,14,K|Q,cytosolic/proteasome and MHC-I processing,4,netchop-3.1-cterm-3.0;netcleave-i-hla;pepsickle-in-vivo-all-mammal;pepsickle-in-vivo-human-only,False,>=3 of 5 native 0-1 models at the 0.5 display threshold,support count only; not a cleavage probability
PIP5K1A-chr1-151242178:vaccine-peptide-3,PIP5K1A,15,L|L,cytosolic/proteasome and MHC-I processing,4,netchop-3.1-20s-3.0;netchop-3.1-cterm-3.0;pepsickle-in-vivo-all-mammal;pepsickle-in-vivo-human-only,False,>=3 of 5 native 0-1 models at the 0.5 display threshold,support count only; not a cleavage probability
PIP5K1A-chr1-151242178:vaccine-peptide-3,PIP5K1A,16,L|T,cytosolic/proteasome and MHC-I processing,5,netchop-3.1-20s-3.0;netchop-3.1-cterm-3.0;netcleave-i-hla;pepsickle-in-vivo-all-mammal;pepsickle-in-vivo-human-only,False,>=3 of 5 native 0-1 models at the 0.5 display threshold,support count only; not a cleavage probability
PIP5K1A-chr1-151242178:vaccine-peptide-3,PIP5K1A,19,H|R,cytosolic/proteasome and MHC-I processing,3,netchop-3.1-20s-3.0;pepsickle-in-vivo-all-mammal;pepsickle-in-vivo-human-only,False,>=3 of 5 native 0-1 models at the 0.5 display threshold,support count only; not a cleavage probability
PIP5K1A-chr1-151242178:vaccine-peptide-3,PIP5K1A,19,H|R,extracellular/plasma recognition motifs,2,cpb2-basic;cpn-basic,False,>=2 distinct curated recognition rules match the same bond,support count only; not a cleavage probability
PTH1R-chr3-46898732:vaccine-peptide-1,PTH1R,9,F|F,cytosolic/proteasome and MHC-I processing,4,netchop-3.1-20s-3.0;netcleave-i-hla;pepsickle-in-vivo-all-mammal;pepsickle-in-vivo-human-only,False,>=3 of 5 native 0-1 models at the 0.5 display threshold,support count only; not a cleavage probability
PTH1R-chr3-46898732:vaccine-peptide-1,PTH1R,16,L|Y,cytosolic/proteasome and MHC-I processing,3,netchop-3.1-cterm-3.0;pepsickle-in-vivo-all-mammal;pepsickle-in-vivo-human-only,False,>=3 of 5 native 0-1 models at the 0.5 display threshold,support count only; not a cleavage probability
PTH1R-chr3-46898732:vaccine-peptide-1,PTH1R,17,Y|S,cytosolic/proteasome and MHC-I processing,5,netchop-3.1-20s-3.0;netchop-3.1-cterm-3.0;netcleave-i-hla;pepsickle-in-vivo-all-mammal;pepsickle-in-vivo-human-only,False,>=3 of 5 native 0-1 models at the 0.5 display threshold,support count only; not a cleavage probability
PTH1R-chr3-46898732:vaccine-peptide-1,PTH1R,21,K|K,cytosolic/proteasome and MHC-I processing,3,netchop-3.1-cterm-3.0;pepsickle-in-vivo-all-mammal;pepsickle-in-vivo-human-only,False,>=3 of 5 native 0-1 models at the 0.5 display threshold,support count only; not a cleavage probability
PTH1R-chr3-46898732:vaccine-peptide-1,PTH1R,22,K|K,cytosolic/proteasome and MHC-I processing,3,netchop-3.1-cterm-3.0;pepsickle-in-vivo-all-mammal;pepsickle-in-vivo-human-only,False,>=3 of 5 native 0-1 models at the 0.5 display threshold,support count only; not a cleavage probability
PTH1R-chr3-46898732:vaccine-peptide-1,PTH1R,22,K|K,extracellular/plasma recognition motifs,2,cpb2-basic;cpn-basic,False,>=2 distinct curated recognition rules match the same bond,support count only; not a cleavage probability
SLC25A12-chr2-171813470:vaccine-peptide-3,SLC25A12,13,Y|P,cytosolic/proteasome and MHC-I processing,5,netchop-3.1-20s-3.0;netchop-3.1-cterm-3.0;netcleave-i-hla;pepsickle-in-vivo-all-mammal;pepsickle-in-vivo-human-only,True,>=3 of 5 native 0-1 models at the 0.5 display threshold,support count only; not a cleavage probability
SLC25A12-chr2-171813470:vaccine-peptide-3,SLC25A12,19,K|T,cytosolic/proteasome and MHC-I processing,3,netchop-3.1-cterm-3.0;pepsickle-in-vivo-all-mammal;pepsickle-in-vivo-human-only,False,>=3 of 5 native 0-1 models at the 0.5 display threshold,support count only; not a cleavage probability
SLC25A12-chr2-171813470:vaccine-peptide-3,SLC25A12,20,T|R,cytosolic/proteasome and MHC-I processing,3,netchop-3.1-20s-3.0;pepsickle-in-vivo-all-mammal;pepsickle-in-vivo-human-only,False,>=3 of 5 native 0-1 models at the 0.5 display threshold,support count only; not a cleavage probability
SLC25A12-chr2-171813470:vaccine-peptide-3,SLC25A12,21,R|M,cytosolic/proteasome and MHC-I processing,4,netchop-3.1-20s-3.0;netchop-3.1-cterm-3.0;pepsickle-in-vivo-all-mammal;pepsickle-in-vivo-human-only,False,>=3 of 5 native 0-1 models at the 0.5 display threshold,support count only; not a cleavage probability
SLC25A12-chr2-171813470:vaccine-peptide-3,SLC25A12,22,M|Q,cytosolic/proteasome and MHC-I processing,4,netchop-3.1-20s-3.0;netchop-3.1-cterm-3.0;pepsickle-in-vivo-all-mammal;pepsickle-in-vivo-human-only,False,>=3 of 5 native 0-1 models at the 0.5 display threshold,support count only; not a cleavage probability
SLC25A12-chr2-171813470:vaccine-peptide-3,SLC25A12,25,Q|R,cytosolic/proteasome and MHC-I processing,3,netchop-3.1-20s-3.0;pepsickle-in-vivo-all-mammal;pepsickle-in-vivo-human-only,False,>=3 of 5 native 0-1 models at the 0.5 display threshold,support count only; not a cleavage probability
SLC25A12-chr2-171813470:vaccine-peptide-3,SLC25A12,25,Q|R,extracellular/plasma recognition motifs,2,cpb2-basic;cpn-basic,False,>=2 distinct curated recognition rules match the same bond,support count only; not a cleavage probability
SLC25A12-chr2-171813470:vaccine-peptide-4,SLC25A12,13,K|T,cytosolic/proteasome and MHC-I processing,3,netchop-3.1-cterm-3.0;pepsickle-in-vivo-all-mammal;pepsickle-in-vivo-human-only,False,>=3 of 5 native 0-1 models at the 0.5 display threshold,support count only; not a cleavage probability
SLC25A12-chr2-171813470:vaccine-peptide-4,SLC25A12,14,T|R,cytosolic/proteasome and MHC-I processing,3,netchop-3.1-20s-3.0;pepsickle-in-vivo-all-mammal;pepsickle-in-vivo-human-only,False,>=3 of 5 native 0-1 models at the 0.5 display threshold,support count only; not a cleavage probability
SLC25A12-chr2-171813470:vaccine-peptide-4,SLC25A12,15,R|M,cytosolic/proteasome and MHC-I processing,4,netchop-3.1-20s-3.0;netchop-3.1-cterm-3.0;pepsickle-in-vivo-all-mammal;pepsickle-in-vivo-human-only,False,>=3 of 5 native 0-1 models at the 0.5 display threshold,support count only; not a cleavage probability
SLC25A12-chr2-171813470:vaccine-peptide-4,SLC25A12,16,M|Q,cytosolic/proteasome and MHC-I processing,4,netchop-3.1-20s-3.0;netchop-3.1-cterm-3.0;pepsickle-in-vivo-all-mammal;pepsickle-in-vivo-human-only,False,>=3 of 5 native 0-1 models at the 0.5 display threshold,support count only; not a cleavage probability
SMC5-chr9-70298024:vaccine-peptide-3,SMC5,10,R|K,cytosolic/proteasome and MHC-I processing,5,netchop-3.1-20s-3.0;netchop-3.1-cterm-3.0;netcleave-i-hla;pepsickle-in-vivo-all-mammal;pepsickle-in-vivo-human-only,False,>=3 of 5 native 0-1 models at the 0.5 display threshold,support count only; not a cleavage probability
SMC5-chr9-70298024:vaccine-peptide-3,SMC5,12,M|I,cytosolic/proteasome and MHC-I processing,4,netchop-3.1-20s-3.0;netchop-3.1-cterm-3.0;pepsickle-in-vivo-all-mammal;pepsickle-in-vivo-human-only,False,>=3 of 5 native 0-1 models at the 0.5 display threshold,support count only; not a cleavage probability
SMC5-chr9-70298024:vaccine-peptide-3,SMC5,16,L|Q,cytosolic/proteasome and MHC-I processing,3,netchop-3.1-20s-3.0;netchop-3.1-cterm-3.0;netcleave-i-hla,False,>=3 of 5 native 0-1 models at the 0.5 display threshold,support count only; not a cleavage probability
SMC5-chr9-70298024:vaccine-peptide-3,SMC5,19,E|L,extracellular/plasma recognition motifs,2,ace-dipeptidyl;mme-hydrophobic,False,>=2 distinct curated recognition rules match the same bond,support count only; not a cleavage probability
SMC5-chr9-70298024:vaccine-peptide-3,SMC5,20,L|K,cytosolic/proteasome and MHC-I processing,4,netchop-3.1-20s-3.0;netchop-3.1-cterm-3.0;pepsickle-in-vivo-all-mammal;pepsickle-in-vivo-human-only,False,>=3 of 5 native 0-1 models at the 0.5 display threshold,support count only; not a cleavage probability
SMC5-chr9-70298024:vaccine-peptide-3,SMC5,20,L|K,extracellular/plasma recognition motifs,2,cpb2-basic;cpn-basic,False,>=2 distinct curated recognition rules match the same bond,support count only; not a cleavage probability
TECPR1-chr7-98241127:vaccine-peptide-3,TECPR1,8,L|T,cytosolic/proteasome and MHC-I processing,3,netchop-3.1-20s-3.0;netchop-3.1-cterm-3.0;netcleave-i-hla,False,>=3 of 5 native 0-1 models at the 0.5 display threshold,support count only; not a cleavage probability
TECPR1-chr7-98241127:vaccine-peptide-3,TECPR1,10,I|P,cytosolic/proteasome and MHC-I processing,5,netchop-3.1-20s-3.0;netchop-3.1-cterm-3.0;netcleave-i-hla;pepsickle-in-vivo-all-mammal;pepsickle-in-vivo-human-only,True,>=3 of 5 native 0-1 models at the 0.5 display threshold,support count only; not a cleavage probability
TECPR1-chr7-98241127:vaccine-peptide-3,TECPR1,17,L|R,cytosolic/proteasome and MHC-I processing,5,netchop-3.1-20s-3.0;netchop-3.1-cterm-3.0;netcleave-i-hla;pepsickle-in-vivo-all-mammal;pepsickle-in-vivo-human-only,False,>=3 of 5 native 0-1 models at the 0.5 display threshold,support count only; not a cleavage probability
TECPR1-chr7-98241127:vaccine-peptide-3,TECPR1,18,R|W,cytosolic/proteasome and MHC-I processing,4,netchop-3.1-20s-3.0;netchop-3.1-cterm-3.0;pepsickle-in-vivo-all-mammal;pepsickle-in-vivo-human-only,False,>=3 of 5 native 0-1 models at the 0.5 display threshold,support count only; not a cleavage probability
TECPR1-chr7-98241127:vaccine-peptide-3,TECPR1,19,W|L,cytosolic/proteasome and MHC-I processing,5,netchop-3.1-20s-3.0;netchop-3.1-cterm-3.0;netcleave-i-hla;pepsickle-in-vivo-all-mammal;pepsickle-in-vivo-human-only,False,>=3 of 5 native 0-1 models at the 0.5 display threshold,support count only; not a cleavage probability
TECPR1-chr7-98241127:vaccine-peptide-3,TECPR1,20,L|V,cytosolic/proteasome and MHC-I processing,3,netchop-3.1-cterm-3.0;pepsickle-in-vivo-all-mammal;pepsickle-in-vivo-human-only,False,>=3 of 5 native 0-1 models at the 0.5 display threshold,support count only; not a cleavage probability
TECPR1-chr7-98241127:vaccine-peptide-3,TECPR1,21,V|R,cytosolic/proteasome and MHC-I processing,4,netchop-3.1-20s-3.0;netchop-3.1-cterm-3.0;pepsickle-in-vivo-all-mammal;pepsickle-in-vivo-human-only,False,>=3 of 5 native 0-1 models at the 0.5 display threshold,support count only; not a cleavage probability
TECPR1-chr7-98241127:vaccine-peptide-3,TECPR1,21,V|R,extracellular/plasma recognition motifs,2,cpb2-basic;cpn-basic,False,>=2 distinct curated recognition rules match the same bond,support count only; not a cleavage probability
TECPR1-chr7-98241127:vaccine-peptide-4,TECPR1,8,W|S,cytosolic/proteasome and MHC-I processing,5,netchop-3.1-20s-3.0;netchop-3.1-cterm-3.0;netcleave-i-hla;pepsickle-in-vivo-all-mammal;pepsickle-in-vivo-human-only,False,>=3 of 5 native 0-1 models at the 0.5 display threshold,support count only; not a cleavage probability
TECPR1-chr7-98241127:vaccine-peptide-4,TECPR1,11,L|S,cytosolic/proteasome and MHC-I processing,5,netchop-3.1-20s-3.0;netchop-3.1-cterm-3.0;netcleave-i-hla;pepsickle-in-vivo-all-mammal;pepsickle-in-vivo-human-only,False,>=3 of 5 native 0-1 models at the 0.5 display threshold,support count only; not a cleavage probability
TECPR1-chr7-98241127:vaccine-peptide-4,TECPR1,14,R|T,cytosolic/proteasome and MHC-I processing,4,netchop-3.1-cterm-3.0;netcleave-i-hla;pepsickle-in-vivo-all-mammal;pepsickle-in-vivo-human-only,False,>=3 of 5 native 0-1 models at the 0.5 display threshold,support count only; not a cleavage probability
TECPR1-chr7-98241127:vaccine-peptide-4,TECPR1,16,G|R,cytosolic/proteasome and MHC-I processing,3,netchop-3.1-20s-3.0;pepsickle-in-vivo-all-mammal;pepsickle-in-vivo-human-only,False,>=3 of 5 native 0-1 models at the 0.5 display threshold,support count only; not a cleavage probability
TECPR1-chr7-98241127:vaccine-peptide-4,TECPR1,16,G|R,extracellular/plasma recognition motifs,2,cpb2-basic;cpn-basic,False,>=2 distinct curated recognition rules match the same bond,support count only; not a cleavage probability
TECPR1-chr7-98241127:vaccine-peptide-5,TECPR1,14,K|E,cytosolic/proteasome and MHC-I processing,3,netchop-3.1-cterm-3.0;pepsickle-in-vivo-all-mammal;pepsickle-in-vivo-human-only,False,>=3 of 5 native 0-1 models at the 0.5 display threshold,support count only; not a cleavage probability
VPS13B-chr8-99861923:vaccine-peptide-1,VPS13B,1,R|Q,cytosol/ER recognition motifs,2,erap2-basic;npepps-n-terminal,False,>=2 distinct curated recognition rules match the same bond,support count only; not a cleavage probability
VPS13B-chr8-99861923:vaccine-peptide-1,VPS13B,11,L|R,cytosolic/proteasome and MHC-I processing,5,netchop-3.1-20s-3.0;netchop-3.1-cterm-3.0;netcleave-i-hla;pepsickle-in-vivo-all-mammal;pepsickle-in-vivo-human-only,False,>=3 of 5 native 0-1 models at the 0.5 display threshold,support count only; not a cleavage probability
VPS13B-chr8-99861923:vaccine-peptide-1,VPS13B,15,L|F,cytosolic/proteasome and MHC-I processing,3,netchop-3.1-20s-3.0;pepsickle-in-vivo-all-mammal;pepsickle-in-vivo-human-only,False,>=3 of 5 native 0-1 models at the 0.5 display threshold,support count only; not a cleavage probability
VPS13B-chr8-99861923:vaccine-peptide-1,VPS13B,16,F|R,cytosolic/proteasome and MHC-I processing,3,netchop-3.1-20s-3.0;pepsickle-in-vivo-all-mammal;pepsickle-in-vivo-human-only,False,>=3 of 5 native 0-1 models at the 0.5 display threshold,support count only; not a cleavage probability
VPS13B-chr8-99861923:vaccine-peptide-1,VPS13B,18,L|G,cytosolic/proteasome and MHC-I processing,5,netchop-3.1-20s-3.0;netchop-3.1-cterm-3.0;netcleave-i-hla;pepsickle-in-vivo-all-mammal;pepsickle-in-vivo-human-only,False,>=3 of 5 native 0-1 models at the 0.5 display threshold,support count only; not a cleavage probability
VPS13B-chr8-99861923:vaccine-peptide-1,VPS13B,19,G|I,extracellular/plasma recognition motifs,2,ace-dipeptidyl;mme-hydrophobic,False,>=2 distinct curated recognition rules match the same bond,support count only; not a cleavage probability
VPS13B-chr8-99861923:vaccine-peptide-1,VPS13B,20,I|S,cytosolic/proteasome and MHC-I processing,4,netchop-3.1-20s-3.0;netchop-3.1-cterm-3.0;pepsickle-in-vivo-all-mammal;pepsickle-in-vivo-human-only,False,>=3 of 5 native 0-1 models at the 0.5 display threshold,support count only; not a cleavage probability
VPS13B-chr8-99861923:vaccine-peptide-2,VPS13B,11,L|G,cytosolic/proteasome and MHC-I processing,5,netchop-3.1-20s-3.0;netchop-3.1-cterm-3.0;netcleave-i-hla;pepsickle-in-vivo-all-mammal;pepsickle-in-vivo-human-only,False,>=3 of 5 native 0-1 models at the 0.5 display threshold,support count only; not a cleavage probability
VPS13B-chr8-99861923:vaccine-peptide-2,VPS13B,13,I|S,cytosolic/proteasome and MHC-I processing,4,netchop-3.1-20s-3.0;netcleave-i-hla;pepsickle-in-vivo-all-mammal;pepsickle-in-vivo-human-only,False,>=3 of 5 native 0-1 models at the 0.5 display threshold,support count only; not a cleavage probability
VPS13B-chr8-99861923:vaccine-peptide-2,VPS13B,15,L|L,cytosolic/proteasome and MHC-I processing,5,netchop-3.1-20s-3.0;netchop-3.1-cterm-3.0;netcleave-i-hla;pepsickle-in-vivo-all-mammal;pepsickle-in-vivo-human-only,False,>=3 of 5 native 0-1 models at the 0.5 display threshold,support count only; not a cleavage probability
VPS13B-chr8-99861923:vaccine-peptide-2,VPS13B,16,L|G,cytosolic/proteasome and MHC-I processing,4,netchop-3.1-20s-3.0;netchop-3.1-cterm-3.0;pepsickle-in-vivo-all-mammal;pepsickle-in-vivo-human-only,False,>=3 of 5 native 0-1 models at the 0.5 display threshold,support count only; not a cleavage probability
VPS13B-chr8-99861923:vaccine-peptide-2,VPS13B,18,A|I,extracellular/plasma recognition motifs,2,ace-dipeptidyl;mme-hydrophobic,False,>=2 distinct curated recognition rules match the same bond,support count only; not a cleavage probability
VPS72-chr1-151185547:vaccine-peptide-3,VPS72,13,L|P,cytosolic/proteasome and MHC-I processing,5,netchop-3.1-20s-3.0;netchop-3.1-cterm-3.0;netcleave-i-hla;pepsickle-in-vivo-all-mammal;pepsickle-in-vivo-human-only,True,>=3 of 5 native 0-1 models at the 0.5 display threshold,support count only; not a cleavage probability
VPS72-chr1-151185547:vaccine-peptide-3,VPS72,17,L|Q,cytosolic/proteasome and MHC-I processing,5,netchop-3.1-20s-3.0;netchop-3.1-cterm-3.0;netcleave-i-hla;pepsickle-in-vivo-all-mammal;pepsickle-in-vivo-human-only,False,>=3 of 5 native 0-1 models at the 0.5 display threshold,support count only; not a cleavage probability
VPS72-chr1-151185547:vaccine-peptide-3,VPS72,25,R|K,cytosolic/proteasome and MHC-I processing,4,netchop-3.1-20s-3.0;netchop-3.1-cterm-3.0;pepsickle-in-vivo-all-mammal;pepsickle-in-vivo-human-only,False,>=3 of 5 native 0-1 models at the 0.5 display threshold,support count only; not a cleavage probability
VPS72-chr1-151185547:vaccine-peptide-3,VPS72,26,K|S,cytosolic/proteasome and MHC-I processing,3,netchop-3.1-cterm-3.0;pepsickle-in-vivo-all-mammal;pepsickle-in-vivo-human-only,False,>=3 of 5 native 0-1 models at the 0.5 display threshold,support count only; not a cleavage probability
WWC1-chr5-168399513:vaccine-peptide-3,WWC1,10,L|Q,cytosolic/proteasome and MHC-I processing,3,netchop-3.1-20s-3.0;netchop-3.1-cterm-3.0;netcleave-i-hla,True,>=3 of 5 native 0-1 models at the 0.5 display threshold,support count only; not a cleavage probability
WWC1-chr5-168399513:vaccine-peptide-3,WWC1,12,H|E,cytosolic/proteasome and MHC-I processing,3,netchop-3.1-20s-3.0;netchop-3.1-cterm-3.0;netcleave-i-hla,True,>=3 of 5 native 0-1 models at the 0.5 display threshold,support count only; not a cleavage probability
WWC1-chr5-168399513:vaccine-peptide-3,WWC1,14,L|Q,cytosolic/proteasome and MHC-I processing,5,netchop-3.1-20s-3.0;netchop-3.1-cterm-3.0;netcleave-i-hla;pepsickle-in-vivo-all-mammal;pepsickle-in-vivo-human-only,True,>=3 of 5 native 0-1 models at the 0.5 display threshold,support count only; not a cleavage probability
WWC1-chr5-168399513:vaccine-peptide-3,WWC1,16,F|K,cytosolic/proteasome and MHC-I processing,5,netchop-3.1-20s-3.0;netchop-3.1-cterm-3.0;netcleave-i-hla;pepsickle-in-vivo-all-mammal;pepsickle-in-vivo-human-only,False,>=3 of 5 native 0-1 models at the 0.5 display threshold,support count only; not a cleavage probability
WWC1-chr5-168399513:vaccine-peptide-3,WWC1,17,K|E,cytosolic/proteasome and MHC-I processing,3,netchop-3.1-cterm-3.0;pepsickle-in-vivo-all-mammal;pepsickle-in-vivo-human-only,False,>=3 of 5 native 0-1 models at the 0.5 display threshold,support count only; not a cleavage probability
WWC1-chr5-168399513:vaccine-peptide-3,WWC1,19,R|G,cytosolic/proteasome and MHC-I processing,4,netchop-3.1-20s-3.0;netchop-3.1-cterm-3.0;pepsickle-in-vivo-all-mammal;pepsickle-in-vivo-human-only,False,>=3 of 5 native 0-1 models at the 0.5 display threshold,support count only; not a cleavage probability
ZNF436-chr1-23362762:vaccine-peptide-3,ZNF436,10,L|I,cytosolic/proteasome and MHC-I processing,3,netchop-3.1-20s-3.0;netchop-3.1-cterm-3.0;pepsickle-in-vivo-human-only,False,>=3 of 5 native 0-1 models at the 0.5 display threshold,support count only; not a cleavage probability
ZNF436-chr1-23362762:vaccine-peptide-3,ZNF436,11,I|Q,cytosolic/proteasome and MHC-I processing,3,netchop-3.1-20s-3.0;netchop-3.1-cterm-3.0;netcleave-i-hla,False,>=3 of 5 native 0-1 models at the 0.5 display threshold,support count only; not a cleavage probability
ZNF436-chr1-23362762:vaccine-peptide-3,ZNF436,13,H|Q,cytosolic/proteasome and MHC-I processing,3,netchop-3.1-20s-3.0;netcleave-i-hla;pepsickle-in-vivo-all-mammal,False,>=3 of 5 native 0-1 models at the 0.5 display threshold,support count only; not a cleavage probability
