model,label,biological_route,enzyme_attribution,topology,residues_removed,training_or_assay,evidence_type,score_units,motif_strictness,exposure_requirement,limitations,pepsickle_preference,source_included,original_biological_context,primary_references
pepsickle-in-vivo-all-mammal,Pepsickle all-mammal,MHC-I processing proxy,proteasome-associated; type agnostic,internal,,Mammalian epitope-trained neural ensemble; no constitutive/immunoproteasome assignment.,quantitative_model,native 0-1 cleavage score,,Cytosolic access after SLP uptake/export; not direct extracellular cleavage,"Native processing score; no kinetics, uptake, or enzyme/subunit attribution. Human-only is experimental and trained on a smaller dataset; preference is a user policy.",comparison,True,constitutive proteasome; in-vivo epitope-trained model,https://doi.org/10.1093/bioinformatics/btab628;https://github.com/pdxgx/pepsickle
pepsickle-in-vivo-human-only,Pepsickle human,MHC-I processing proxy,proteasome-associated; type agnostic,internal,,Human epitope-trained neural ensemble; no constitutive/immunoproteasome assignment.,quantitative_model,native 0-1 cleavage score,,Cytosolic access after SLP uptake/export; not direct extracellular cleavage,"Native processing score; no kinetics, uptake, or enzyme/subunit attribution. Human-only is experimental and trained on a smaller dataset; preference is a user policy.",preferred,True,constitutive proteasome; in-vivo epitope-trained model,https://doi.org/10.1093/bioinformatics/btab628;https://github.com/pdxgx/pepsickle
netchop-3.1-cterm-3.0,NetChop Cterm 3.0,MHC-I processing proxy,no individual enzyme assigned,internal,,"Trained on MHC-I ligand C-termini; processing/selection signal, not a purified-enzyme assay.",quantitative_model,native 0-1 cleavage score,,Cytosolic access after SLP uptake/export; not direct extracellular cleavage,"Native processing score; no kinetics, uptake, or enzyme/subunit attribution.",,True,C-terminal epitope-trained proteasome model,https://doi.org/10.1007/s00251-005-0781-7;https://services.healthtech.dtu.dk/services/NetChop-3.1/
netchop-3.1-20s-3.0,NetChop 20S 3.0,Proteasome digestion,20S proteasome; no catalytic subunit assigned,internal,,Trained on in-vitro proteasome degradation experiments.,quantitative_model,native 0-1 cleavage score,,Cytosolic access after SLP uptake/export; not direct extracellular cleavage,"Native processing score; no kinetics, uptake, or enzyme/subunit attribution.",,True,in-vitro 20S proteasome model,https://doi.org/10.1007/s00251-005-0781-7;https://services.healthtech.dtu.dk/services/NetChop-3.1/
netcleave-i-hla,NetCleave-I HLA,MHC-I processing proxy,no individual enzyme assigned,internal,,MHC-I ligand-derived C-terminal processing; 8 upstream plus 3 downstream residues in this run.,quantitative_model,native neural-network output (0-1),,Cytosolic access after SLP uptake/export; not direct extracellular cleavage,"Native processing score; no kinetics, uptake, or enzyme/subunit attribution.",,True,MHC-I C-terminal processing; proteasome-associated,https://doi.org/10.1038/s41598-021-92632-y
netcleave-ii-hla,NetCleave-II HLA,MHC-II processing proxy,no named cathepsin assigned,internal,,MHC-II ligand-derived C-terminal processing; 13 upstream plus 3 downstream residues in this run.,quantitative_model,native neural-network output (0-1),,Endolysosomal access after uptake; no named-enzyme exposure inferred,"Native processing score; no kinetics, uptake, or enzyme/subunit attribution.",,True,MHC-II C-terminal processing; endolysosomal-associated,https://doi.org/10.1038/s41598-021-92632-y
dpp4-qpisa,DPP4 / dpp4-qpisa,extracellular;plasma;serum,DPP4,n_terminal,2,"Purified human DPP4; tryptic HeLa peptides; HEPES pH 7.4, 21 C, 4 h",quantitative_model,log2 fold change (buffer control / DPP4-treated),,"Requires enzyme access in extracellular;plasma;serum; location does not establish exposure; only the currently exposed terminus, no successive trimming simulated","In vitro substrate depletion model, not serum stability. Unmodified linear peptides; structure and exposure are unmodeled. A supported triplet is not necessarily experimentally observed. No kinetics or successive-cleavage prediction.",,True,extracellular;plasma;serum,https://doi.org/10.1038/s44320-024-00071-4;https://www.uniprot.org/uniprotkb/P27487/entry
app1-xp,XPNPEP1 / app1-xp,cytosol,XPNPEP1,n_terminal,1,Recombinant human cytosolic aminopeptidase P; RPP and bradykinin hydrolysis,motif_rule,matched/not_matched,required,"Requires enzyme access in cytosol; location does not establish exposure; only the currently exposed terminus, no successive trimming simulated",Removes the first residue. Manganese dependence and full substrate context affect activity; distinct from extracellular XPNPEP2 and dipeptidyl processing. Partial specificity rule; no kinetic or matrix calibration.,,True,cytosol,https://pubmed.ncbi.nlm.nih.gov/11106490/;https://doi.org/10.1074/jbc.M710274200;https://www.uniprot.org/uniprotkb/Q9NQW7/entry
tpp2-tripeptidyl,TPP2 / tpp2-tripeptidyl,cytosol,TPP2,n_terminal,3,Immunopurified human TPP2 processing of RU1 antigen precursors,motif_rule,matched/not_matched,permissive,"Requires enzyme access in cytosol; location does not establish exposure; only the currently exposed terminus, no successive trimming simulated","Partial proline constraint, not proof of turnover for every matching peptide. Assembly, other residues and longer substrate context are unmodeled. Not bacterial Xaa-Xaa-Pro tripeptidase specificity and not an endopeptidase model. Partial specificity rule; no kinetic or matrix calibration.",,True,cytosol,https://doi.org/10.4049/jimmunol.169.8.4161;https://www.uniprot.org/uniprotkb/P29144/entry
npepps-n-terminal,NPEPPS / npepps-n-terminal,cytosol,NPEPPS,n_terminal,1,Human puromycin-sensitive aminopeptidase processing of RU1 precursors,motif_rule,matched/not_matched,permissive,"Requires enzyme access in cytosol; location does not establish exposure; only the currently exposed terminus, no successive trimming simulated","Broad, low-specificity context flag only. Gly-containing bonds can be slowly cleaved; non-matches do not establish resistance. Other residues, competing aminopeptidases and full precursor sequence affect processing. Partial specificity rule; no kinetic or matrix calibration.",,True,cytosol,https://doi.org/10.4049/jimmunol.169.8.4161;https://www.uniprot.org/uniprotkb/P55786/entry
ace-dipeptidyl,ACE / ace-dipeptidyl,plasma;serum;extracellular,ACE,c_terminal,2,Human ACE dipeptide hydrolysis; angiotensins and N-acetyl-SDKP,motif_rule,matched/not_matched,required,"Requires enzyme access in plasma;serum;extracellular; location does not establish exposure; only the currently exposed terminus, no successive trimming simulated","Ordinary dipeptide recognition only. Domain, chloride, concentration and context affect activity. Exceptional endopeptide/tripeptide cleavage (including amidated substance P) is omitted. Partial specificity rule; no kinetic or matrix calibration.",,True,plasma;serum;extracellular,https://doi.org/10.1042/BJ20040634;https://doi.org/10.1038/srep13742;https://www.uniprot.org/uniprotkb/P12821/entry
mme-hydrophobic,MME / mme-hydrophobic,extracellular,MME,internal,0,"Purified human kidney neprilysin cleavage of enkephalin, kinins and angiotensins",motif_rule,matched/not_matched,preferred,Requires enzyme access in extracellular; location does not establish exposure,"Incomplete preference flag; whole sequence affects site selection. Other residues can be cleaved. The 2-30-residue input scope is conservative, not an absolute enzyme size cutoff. Membrane exposure and circulating activity are unmodeled. Partial specificity rule; no kinetic or matrix calibration.",,True,extracellular,https://pubmed.ncbi.nlm.nih.gov/6349683/;https://pubmed.ncbi.nlm.nih.gov/2417254/;https://www.uniprot.org/uniprotkb/P08473/entry
cpb2-basic,CPB2 / cpb2-basic,plasma;serum;extracellular,CPB2,c_terminal,1,Human plasma-derived active TAFI/CPB2 peptide hydrolysis,motif_rule,matched/not_matched,required,"Requires enzyme access in plasma;serum;extracellular; location does not establish exposure; only the currently exposed terminus, no successive trimming simulated; frozen producer explicitly assumed activated CPB2","Requires explicit enzyme_state=active. Zymogen abundance does not establish active enzyme. Activation, spontaneous inactivation, inhibitors and serum clotting effects are unmodeled. Partial specificity rule; no kinetic or matrix calibration.",,True,plasma;serum;extracellular,https://doi.org/10.1074/jbc.274.49.35046;https://pmc.ncbi.nlm.nih.gov/articles/PMC2613638/;https://www.uniprot.org/uniprotkb/Q96IY4/entry
cpn-basic,CPN1 / cpn-basic,plasma;serum;extracellular,CPN1,c_terminal,1,Human plasma CPN peptide-substrate assays,motif_rule,matched/not_matched,required,"Requires enzyme access in plasma;serum;extracellular; location does not establish exposure; only the currently exposed terminus, no successive trimming simulated",Penultimate residues affect rates; Lys and Arg are not kinetically equivalent. Partial specificity rule; no kinetic or matrix calibration.,,True,plasma;serum;extracellular,https://doi.org/10.1016/0003-9861(75)90104-6;https://www.uniprot.org/uniprotkb/P15169/entry
app2-xp,XPNPEP2 / app2-xp,plasma;extracellular,XPNPEP2,n_terminal,1,Recombinant human membrane aminopeptidase P and kinin substrates,motif_rule,matched/not_matched,required,"Requires enzyme access in plasma;extracellular; location does not establish exposure; only the currently exposed terminus, no successive trimming simulated",Removes the FIRST residue; this is not DPP-like dipeptide removal. Partial specificity rule; no kinetic or matrix calibration.,,True,plasma;extracellular,https://pubmed.ncbi.nlm.nih.gov/15361070/;https://www.uniprot.org/uniprotkb/O43895/entry
fap-dipeptidyl,FAP / fap-dipeptidyl,extracellular;plasma,FAP,n_terminal,2,Purified human FAP dipeptide substrate profiling,motif_rule,matched/not_matched,required,"Requires enzyme access in extracellular;plasma; location does not establish exposure; only the currently exposed terminus, no successive trimming simulated",Dipeptidyl activity only; P2 preferences and whole-peptide context omitted. Partial specificity rule; no kinetic or matrix calibration.,,True,extracellular;plasma,https://pubmed.ncbi.nlm.nih.gov/16410248/;https://www.uniprot.org/uniprotkb/Q12884/entry
fap-endo-gp,FAP / fap-endo-gp,extracellular;plasma,FAP,internal,0,Human FAP substrate profiling around alpha-2-antiplasmin cleavage site,motif_rule,matched/not_matched,required,Requires enzyme access in extracellular;plasma; location does not establish exposure,P3 preferences and accessibility omitted; independent of dipeptidyl activity. Partial specificity rule; no kinetic or matrix calibration.,,True,extracellular;plasma,https://pubmed.ncbi.nlm.nih.gov/16480718/;https://pubmed.ncbi.nlm.nih.gov/16410248/;https://pubmed.ncbi.nlm.nih.gov/22750443/;https://www.uniprot.org/uniprotkb/Q12884/entry
enpep-acidic,ENPEP / enpep-acidic,extracellular,ENPEP,n_terminal,1,Human aminopeptidase A structural/substrate specificity experiments,motif_rule,matched/not_matched,preferred,"Requires enzyme access in extracellular; location does not establish exposure; only the currently exposed terminus, no successive trimming simulated",Calcium-dependent preference; enzyme exposure and calcium are not modeled. Partial specificity rule; no kinetic or matrix calibration.,,True,extracellular,https://pubmed.ncbi.nlm.nih.gov/23888046/;https://www.uniprot.org/uniprotkb/Q07075/entry
anpep-ala,ANPEP / anpep-ala,extracellular,ANPEP,n_terminal,1,Human aminopeptidase N structural/biochemical specificity,motif_rule,matched/not_matched,permissive,"Requires enzyme access in extracellular; location does not establish exposure; only the currently exposed terminus, no successive trimming simulated",Only an Ala preference flag. Broad alternative substrates and X-Pro dipeptide removal omitted. Partial specificity rule; no kinetic or matrix calibration.,,True,extracellular,https://pubmed.ncbi.nlm.nih.gov/22932899/;https://www.uniprot.org/uniprotkb/P15144/entry
dpp8-xp-xa,DPP8 / dpp8-xp-xa,cytosol,DPP8,n_terminal,2,Human DPP8 biochemical characterization and substrate degradomics,motif_rule,matched/not_matched,required,"Requires enzyme access in cytosol; location does not establish exposure; only the currently exposed terminus, no successive trimming simulated",Qualitative rule only; DPP4 and C. elegans DPF-3 coefficients are inapplicable. Partial specificity rule; no kinetic or matrix calibration.,,True,cytosol,https://pubmed.ncbi.nlm.nih.gov/11012666/;https://pmc.ncbi.nlm.nih.gov/articles/PMC3656252/;https://www.uniprot.org/uniprotkb/Q6V1X1/entry
dpp9-xp-xa,DPP9 / dpp9-xp-xa,cytosol,DPP9,n_terminal,2,Human DPP9 peptide/antigen processing assays and substrate degradomics,motif_rule,matched/not_matched,required,"Requires enzyme access in cytosol; location does not establish exposure; only the currently exposed terminus, no successive trimming simulated",Shared recognition pattern with DPP8 does not imply identical substrate rates. Partial specificity rule; no kinetic or matrix calibration.,,True,cytosol,https://pubmed.ncbi.nlm.nih.gov/19667070/;https://pmc.ncbi.nlm.nih.gov/articles/PMC3656252/;https://www.uniprot.org/uniprotkb/Q86TI2/entry
prep-pro,PREP / prep-pro,cytosol;extracellular;serum,PREP,internal,0,Recombinant human POP/FAP peptide substrate profiling,motif_rule,matched/not_matched,required,Requires enzyme access in cytosol;extracellular;serum; location does not establish exposure,Conservative 4-30-residue model domain; not an absolute enzyme size cutoff. Weaker non-Pro cleavage and flanking charge preferences omitted; abundance unmodeled. Partial specificity rule; no kinetic or matrix calibration.,,True,cytosol;extracellular;serum,https://pubmed.ncbi.nlm.nih.gov/22750443/;https://www.uniprot.org/uniprotkb/P48147/entry
erap2-basic,ERAP2 / erap2-basic,er,ERAP2,n_terminal,1,Human ERAP2 biochemical specificity and peptide-complex structures,motif_rule,matched/not_matched,preferred,"Requires enzyme access in er; location does not establish exposure; only the currently exposed terminus, no successive trimming simulated","A basic-residue preference flag only; length, allotype and internal sequence affect trimming. Partial specificity rule; no kinetic or matrix calibration.",,True,er,https://pubmed.ncbi.nlm.nih.gov/12799365/;https://pubmed.ncbi.nlm.nih.gov/26381406/;https://www.uniprot.org/uniprotkb/Q6P179/entry
thop1-observed,THOP1 / thop1-observed,cytosol,THOP1,whole_substrate_reference,,"Human thimet oligopeptidase hydrolysis of synthetic Gly-Pro-Leu oligomers and of bradykinin, followed by HPLC (Knight, Dando and Barrett 1995, Biochem J 308:145-150)",substrate_reference,matched/not_matched,,Requires enzyme access in cytosol; location does not establish exposure,"Exact-sequence lookup over one substrate series plus bradykinin, not a specificity model. The Gly-Pro-Leu oligomers are synthetic repeats, not antigenic peptides, so nothing here transfers to an arbitrary sequence. This catalog holds no reported non-cleavage for this enzyme: every resistant peptide in the source is a hydroxyproline analogue or carries an N-terminal pyroglutamate, and both are outside the canonical-peptide input type, so absence of a record here is not evidence of resistance. The source states that peptides of 18 or more residues cannot be cleaved and that hydrolysis is subject to potent competitive inhibition by the C-terminal product, so observed rates are not turnover in a cell. Whether the enzyme preparation was recombinant is not stated. Reported cleavage of a purified substrate does not establish that this enzyme controls the lifetime of any peptide in the cytosol of an antigen-presenting cell; primary reports disagree about whether mature class I epitopes are good substrates.",,False,cytosol,https://pubmed.ncbi.nlm.nih.gov/7755557/;https://doi.org/10.1042/bj3080145;https://pmc.ncbi.nlm.nih.gov/articles/PMC1136855/;https://pubmed.ncbi.nlm.nih.gov/8373360/;https://www.uniprot.org/uniprotkb/P52888/entry
nln-observed,NLN / nln-observed,cytosol,NLN,whole_substrate_reference,,"Recombinant human neurolysin hydrolysis of a dynorphin A length series quantified by LC-MS, with peptide complexes resolved by X-ray crystallography (Karamyan, Aihara and colleagues 2024, Sci Rep 14:18420)",substrate_reference,matched/not_matched,,Requires enzyme access in cytosol; location does not establish exposure,"Exact-sequence lookup over one substrate series, not a specificity model. Neurolysin and thimet oligopeptidase are closely related but are not interchangeable: they cleave neurotensin at distinct sites and their specificities can be swapped by mutating two active-site residues, so neither model's observations may be transferred to the other. Only observations made on the human enzyme are recorded; the widely cited bradykinin, enkephalin and neurotensin results come from rat or species-unspecified preparations and are deliberately excluded. The angiotensin I record is read from electron density in a crystal, not a solution assay. Non-degradation entries mean the source measured no significant loss of peptide against a no-enzyme control in a 45 minute assay, which is not proof that no bond can be cleaved. UniProt annotates this protein as mitochondrial as well as cytosolic, and its human catalytic-activity annotation is inferred from the rat orthologue. Reported substrates do not exceed 17 residues.",,False,cytosol,https://pubmed.ncbi.nlm.nih.gov/39117724/;https://doi.org/10.1038/s41598-024-67639-w;https://pmc.ncbi.nlm.nih.gov/articles/PMC11310207/;https://www.uniprot.org/uniprotkb/Q9BYT8/entry
lnpep-observed,LNPEP / lnpep-observed,endosome,LNPEP,whole_substrate_reference,,"Soluble recombinant human PLAP/IRAP trimming of antigenic peptide precursors, products identified by reverse-phase separation and mass spectrometry (Georgiadou et al. 2010, J Immunol 185:1584-1592)",substrate_reference,matched/not_matched,,Requires enzyme access in endosome; location does not establish exposure,"Exact-sequence lookup, not a trimming model. The source names this enzyme PLAP; the UniProt gene name is LNPEP and the mouse homolog is called IRAP. Digestions ran at pH 8.0 in Tris buffer with purified enzyme, which is not the acidified endosomal compartment the enzyme is proposed to act in; the paper performs no localization experiment. Reported bonds are those fixed by a single-residue product identity. Where the source detected trimming but no intermediate, cleavage is recorded without a bond rather than assigned to one. Non-detection is that assay's outcome and does not establish resistance elsewhere. The DIRSSVQNKL/DIRSSQVNKL resistant precursor is deliberately excluded pending mhctools issue 332.",,False,endosome,https://pubmed.ncbi.nlm.nih.gov/20592285/;https://doi.org/10.4049/jimmunol.0902502;https://pmc.ncbi.nlm.nih.gov/articles/PMC2910840/;https://www.uniprot.org/uniprotkb/Q9UIQ6/entry
eramer-step,ERAP1 / eramer-step,er,ERAP1,n_terminal,1,ERAMER length-specific position weight matrices for ERAP1 specificity,quantitative_model,native ERAMER specificity,,"Requires enzyme access in er; location does not establish exposure; only the currently exposed terminus, no successive trimming simulated","Requires separately fetched ERAMER PWM and openpyxl. Single intermediate score; not a probability, kinetic rate or cascade average. No allotype, enzyme exposure or MHC protection model.",,True,ERAP1 trimming in the endoplasmic reticulum,https://pubmed.ncbi.nlm.nih.gov/38925438/;https://github.com/aalokaily/ERAMER
